feed_ts,feed_date,session_date,capture_ts,symbol,spot,feed_spot,spot_source,contracts_total,contracts_dte,contracts_window,net_gex_full,net_gex_window,flip,flip_pct_vs_spot,call_wall,put_wall,wall_fallback,regime,max_dte,wall_exclude,grid_window,plot_window,iv_rescaled,schema_version
2026-09-05 03:44:36,2026-09-05,2026-09-04,2026-09-06T01:00:53+00:00,SPX,7718.6,7718.6001,official_close,28024,10200,6960,9262200352.13,10915569358.41,7697.6815,-0.00271,7800.0,7500.0,0,positive,30,0.01,0.15,0.1,0,2
2026-09-05 06:00:28,2026-09-05,2026-09-04,2026-09-06T01:00:54+00:00,SPY,770.19,770.19,official_close,11966,3584,2178,-2418127121.1,-2112672301.5,771.7107,0.001974,780.0,760.0,0,negative,30,0.01,0.15,0.1,0,2
2026-09-05 03:44:40,2026-09-05,2026-09-04,2026-09-06T01:00:55+00:00,QQQ,718.96,717.5,official_close,10384,3852,2092,-427708064.14,-295707300.78,718.9552,-7e-06,725.0,700.0,0,negative,30,0.01,0.15,0.1,0,2
2026-09-05 03:44:35,2026-09-05,2026-09-04,2026-09-06T01:00:55+00:00,IWM,296.01,296.01,official_close,4792,1956,1090,-1825344430.91,-1768517742.84,300.0318,0.013587,300.0,290.0,0,negative,30,0.01,0.15,0.1,0,2
2026-09-09 11:38:16,2026-09-09,2026-09-08,2026-09-09T11:39:09+00:00,SPX,7673.52,7673.52,official_close,28674,10946,7570,-46487809497.6,-44300621500.6,7690.7602,0.002247,7800.0,7500.0,0,negative,30,0.01,0.15,0.1,0,2
2026-09-09 11:33:51,2026-09-09,2026-09-08,2026-09-09T11:39:10+00:00,SPY,765.96,763.21,official_close,11816,3434,2154,-6032843127.58,-5735583393.03,768.6345,0.003492,775.0,760.0,0,negative,30,0.01,0.15,0.1,0,2
2026-09-09 11:32:36,2026-09-09,2026-09-08,2026-09-09T11:39:10+00:00,QQQ,718.36,714.96,official_close,10170,3638,2034,-1404407941.11,-1276222095.96,719.9724,0.002245,725.0,700.0,0,negative,30,0.01,0.15,0.1,0,2
2026-09-09 11:15:29,2026-09-09,2026-09-08,2026-09-09T11:39:10+00:00,IWM,294.67,292.8893,official_close,4840,2004,1154,-2437713411.65,-2382797111.43,299.4859,0.016343,300.0,290.0,0,negative,30,0.01,0.15,0.1,0,2
2026-09-10 11:38:15,2026-09-10,2026-09-09,2026-09-10T11:39:09+00:00,SPX,7636.36,7636.3599,official_close,28746,11112,7742,-35347021661.77,-33530575735.52,7674.6184,0.00501,7800.0,7500.0,0,negative,30,0.01,0.15,0.1,0,2
2026-09-10 11:33:20,2026-09-10,2026-09-09,2026-09-10T11:39:10+00:00,SPY,762.4,762.59,official_close,13296,5256,3270,-7947075724.72,-7648870225.7,767.2658,0.006382,770.0,755.0,0,negative,30,0.01,0.15,0.1,0,2
2026-09-10 11:37:50,2026-09-10,2026-09-09,2026-09-10T11:39:11+00:00,QQQ,716.31,713.57,official_close,11686,5486,3246,-1695885294.4,-1564179857.6,718.6388,0.003251,725.0,700.0,0,negative,30,0.01,0.15,0.1,0,2
2026-09-10 10:57:53,2026-09-10,2026-09-09,2026-09-10T11:39:11+00:00,IWM,290.64,291.15,official_close,5556,2902,1680,-3344005484.87,-3304417451.12,297.7805,0.024568,300.0,285.0,0,negative,30,0.01,0.15,0.1,0,2
2026-09-11 11:37:16,2026-09-11,2026-09-10,2026-09-11T11:37:56+00:00,SPX,7591.7,7591.7002,official_close,29162,11100,7762,-22275442388.69,-20592584119.62,7658.5677,0.008808,7800.0,7500.0,0,negative,30,0.01,0.15,0.1,0,2
2026-09-11 11:35:34,2026-09-11,2026-09-10,2026-09-11T11:37:57+00:00,SPY,757.83,762.14,official_close,13228,5176,3214,-11856047725.95,-11488342598.34,766.3953,0.011302,770.0,750.0,0,negative,30,0.01,0.15,0.1,0,2
2026-09-11 11:31:23,2026-09-11,2026-09-10,2026-09-11T11:37:58+00:00,QQQ,708.69,712.64,official_close,11586,5328,3178,-3539420469.63,-3405789069.44,715.2635,0.009276,720.0,700.0,0,negative,30,0.01,0.15,0.1,0,2
2026-09-11 11:33:58,2026-09-11,2026-09-10,2026-09-11T11:37:58+00:00,IWM,287.7,289.77,official_close,5680,2844,1624,-3652061286.25,-3612956495.2,296.8688,0.031869,300.0,285.0,0,negative,30,0.01,0.15,0.1,0,2
2026-09-12 03:44:35,2026-09-12,2026-09-11,2026-09-12T11:35:44+00:00,SPX,7656.98,7656.98,feed,28532,10470,7230,-14593113098.08,-13095227198.53,7677.1205,0.00263,7750.0,7500.0,0,negative,30,0.01,0.15,0.1,0,2
2026-09-12 10:14:30,2026-09-12,2026-09-11,2026-09-12T11:35:45+00:00,SPY,764.29,764.29,official_close,12838,4786,2958,-5266616354.69,-4974694715.1,768.5942,0.005632,775.0,750.0,0,negative,30,0.01,0.15,0.1,0,2
2026-09-12 03:44:37,2026-09-12,2026-09-11,2026-09-12T11:35:47+00:00,QQQ,714.89,714.89,feed,11162,4904,2922,-1697736122.21,-1580250241.14,718.7405,0.005386,725.0,700.0,0,negative,30,0.01,0.15,0.1,0,2
2026-09-12 03:44:37,2026-09-12,2026-09-11,2026-09-12T11:35:47+00:00,IWM,288.89,288.89,official_close,5404,2568,1486,-3578092544.22,-3547198121.78,296.7291,0.027135,300.0,285.0,0,negative,30,0.01,0.15,0.1,0,2
2026-09-15 11:38:16,2026-09-15,2026-09-14,2026-09-15T11:38:33+00:00,SPX,7619.98,7619.98,official_close,28884,11032,7616,-47355659281.52,-45863969450.19,7658.4314,0.005046,7800.0,7500.0,0,negative,30,0.01,0.15,0.1,0,2
2026-09-15 11:37:16,2026-09-15,2026-09-14,2026-09-15T11:38:34+00:00,SPY,760.88,759.69,official_close,13100,4846,3020,-11418803457.31,-11123853055.26,766.5434,0.007443,775.0,750.0,0,negative,30,0.01,0.15,0.1,0,2
2026-09-15 11:35:06,2026-09-15,2026-09-14,2026-09-15T11:38:35+00:00,QQQ,709.18,708.76,official_close,11432,4972,2984,-4480308603.64,-4371785819.48,715.5844,0.009031,720.0,700.0,0,negative,30,0.01,0.15,0.1,0,2
2026-09-15 10:20:21,2026-09-15,2026-09-14,2026-09-15T11:38:36+00:00,IWM,287.91,285.99,official_close,5596,2644,1538,-3933372121.26,-3903593524.33,296.5263,0.029927,300.0,285.0,0,negative,30,0.01,0.15,0.1,0,2
2026-09-16 11:36:47,2026-09-16,2026-09-15,2026-09-16T11:39:47+00:00,SPX,7585.73,7585.73,official_close,28846,11116,7696,-33785817579.55,-32763428511.98,7648.6326,0.008292,7800.0,7500.0,0,negative,30,0.01,0.15,0.1,0,2
2026-09-16 11:39:06,2026-09-16,2026-09-15,2026-09-16T11:39:48+00:00,SPY,757.39,759.28,official_close,13040,4786,2942,-11859118615.45,-11590227227.11,766.0957,0.011494,770.0,750.0,0,negative,30,0.01,0.15,0.1,0,2
2026-09-16 11:35:36,2026-09-16,2026-09-15,2026-09-16T11:39:49+00:00,QQQ,704.54,707.74,official_close,11324,4864,2870,-4387108281.31,-4310110539.87,712.9378,0.011919,720.0,700.0,0,negative,30,0.01,0.15,0.1,0,2
2026-09-16 11:26:20,2026-09-16,2026-09-15,2026-09-16T11:39:49+00:00,IWM,285.14,285.71,official_close,5532,2580,1440,-4091748700.9,-4066233898.85,296.5358,0.039966,300.0,283.0,0,negative,30,0.01,0.15,0.1,0,2
2026-09-17 11:37:16,2026-09-17,2026-09-16,2026-09-17T11:38:19+00:00,SPX,7551.81,7551.8101,official_close,29914,12676,8648,-21333954228.32,-19615360172.41,7637.6502,0.011367,7800.0,7500.0,0,negative,30,0.01,0.15,0.1,0,2
2026-09-17 11:35:50,2026-09-17,2026-09-16,2026-09-17T11:38:20+00:00,SPY,754.05,760.6,official_close,12958,4978,3014,-15600449588.36,-15193843678.79,764.3843,0.013705,780.0,745.0,0,negative,30,0.01,0.15,0.1,0,2
2026-09-17 11:34:10,2026-09-17,2026-09-16,2026-09-17T11:38:20+00:00,QQQ,704.72,712.4,official_close,10994,5010,2914,-5601791037.23,-5446910826.02,712.3795,0.010869,720.0,700.0,0,negative,30,0.01,0.15,0.1,0,2
2026-09-17 11:27:19,2026-09-17,2026-09-16,2026-09-17T11:38:21+00:00,IWM,283.92,286.45,official_close,5604,2720,1504,-5669082721.62,-5641644327.75,294.4568,0.037112,295.0,280.0,0,negative,30,0.01,0.15,0.1,0,2
2026-09-18 11:37:14,2026-09-18,2026-09-17,2026-09-18T11:37:36+00:00,SPX,7637.76,7637.7598,official_close,29886,12386,8354,-4181981566.21,-2291343638.22,7652.6384,0.001948,7800.0,7500.0,0,negative,30,0.01,0.15,0.1,0,2
2026-09-18 11:33:11,2026-09-18,2026-09-17,2026-09-18T11:37:37+00:00,SPY,762.6,761.599,official_close,12954,4922,2950,-8897162556.04,-8610461182.38,764.8489,0.002949,770.0,745.0,0,negative,30,0.01,0.15,0.1,0,2
2026-09-18 11:30:41,2026-09-18,2026-09-17,2026-09-18T11:37:38+00:00,QQQ,716.92,719.7,official_close,10970,4904,2814,-1187690239.09,-1054220111.46,717.2919,0.000519,720.0,700.0,0,negative,30,0.01,0.15,0.1,0,2
2026-09-18 10:44:58,2026-09-18,2026-09-17,2026-09-18T11:37:39+00:00,IWM,285.43,285.42,official_close,5542,2658,1472,-6616851211.93,-6596854583.06,291.4106,0.020953,295.0,283.0,0,negative,30,0.01,0.15,0.1,0,2
2026-09-19 09:51:41,2026-09-19,2026-09-18,2026-09-19T11:35:41+00:00,SPX,7650.5,7650.5,official_close,27782,10282,7184,-4467577103.51,-2839906302.19,7667.2545,0.00219,7800.0,7500.0,0,negative,30,0.01,0.15,0.1,0,2
2026-09-19 03:44:19,2026-09-19,2026-09-18,2026-09-19T11:35:42+00:00,SPY,761.69,761.69,official_close,12312,4280,2668,-3669588103.54,-3453814142.23,765.5122,0.005018,770.0,745.0,0,negative,30,0.01,0.15,0.1,0,2
2026-09-19 03:44:16,2026-09-19,2026-09-18,2026-09-19T11:35:43+00:00,QQQ,721.45,722.05,official_close,10436,4370,2614,995476878.28,1099798397.23,719.2284,-0.003079,725.0,690.0,0,positive,30,0.01,0.15,0.1,0,2
2026-09-19 03:47:35,2026-09-19,2026-09-18,2026-09-19T11:35:44+00:00,IWM,284.1,284.1,feed,5272,2388,1344,-2946873225.71,-2936405621.74,296.2639,0.042815,290.0,280.0,0,negative,30,0.01,0.15,0.1,0,2
2026-09-22 11:38:15,2026-09-22,2026-09-21,2026-09-22T11:38:53+00:00,SPX,7764.7,7764.7002,official_close,30470,11538,7970,71584791806.58,72701348974.34,7703.8209,-0.007841,7800.0,7500.0,0,positive,30,0.01,0.15,0.1,0,2
2026-09-22 11:31:45,2026-09-22,2026-09-21,2026-09-22T11:38:54+00:00,SPY,773.5,773.7711,official_close,12380,4348,2760,5625170086.52,5829240753.02,770.7816,-0.003514,785.0,745.0,0,positive,30,0.01,0.15,0.1,0,2
2026-09-22 11:38:20,2026-09-22,2026-09-21,2026-09-22T11:38:54+00:00,QQQ,741.47,741.59,official_close,10826,4712,2848,3301300550.65,3523171777.66,736.1017,-0.00724,750.0,700.0,0,positive,30,0.01,0.15,0.1,0,2
2026-09-22 10:46:02,2026-09-22,2026-09-21,2026-09-22T11:38:55+00:00,IWM,285.58,286.97,official_close,5362,2478,1432,-2291809721.98,-2288788376.3,292.2491,0.023353,293.0,280.0,0,negative,30,0.01,0.15,0.1,0,2
2026-09-23 03:56:05,2026-09-23,2026-09-22,2026-09-23T11:38:53+00:00,SPX,7764.64,7764.6401,official_close,29942,11268,7710,66519916909.51,67520212377.49,7693.3802,-0.009177,7800.0,7500.0,0,positive,30,0.01,0.15,0.1,0,2
2026-09-23 03:54:59,2026-09-23,2026-09-22,2026-09-23T11:38:54+00:00,SPY,773.38,773.38,official_close,12066,4034,2546,4370380755.29,4522413747.21,770.3288,-0.003945,785.0,761.0,0,positive,30,0.01,0.15,0.1,0,2
2026-09-23 03:56:14,2026-09-23,2026-09-22,2026-09-23T11:38:55+00:00,QQQ,747.46,748.32,official_close,10478,4364,2562,4230508641.6,4472615055.85,734.366,-0.017518,755.0,700.0,0,positive,30,0.01,0.15,0.1,0,2
2026-09-23 03:35:33,2026-09-23,2026-09-22,2026-09-23T11:38:55+00:00,IWM,287.21,287.21,official_close,5186,2302,1322,-1810603963.1,-1804306370.04,292.4907,0.018386,293.0,285.0,0,negative,30,0.01,0.15,0.1,0,2
2026-09-25 11:39:15,2026-09-25,2026-09-24,2026-09-25T11:39:57+00:00,SPX,7704.13,7704.1299,official_close,29858,10894,7484,42776289767.63,43804116388.84,7705.1655,0.000134,7800.0,7500.0,0,positive,30,0.01,0.15,0.1,0,2
2026-09-25 11:31:21,2026-09-25,2026-09-24,2026-09-25T11:39:58+00:00,SPY,767.18,770.66,official_close,13290,4614,2890,-3140944149.36,-2925217187.48,767.9314,0.000979,785.0,760.0,0,negative,30,0.01,0.15,0.1,0,2
2026-09-25 11:36:26,2026-09-25,2026-09-24,2026-09-25T11:39:59+00:00,QQQ,741.1,746.74,official_close,11710,4874,2938,1219006926.85,1431564123.41,738.5778,-0.003403,745.0,730.0,0,positive,30,0.01,0.15,0.1,0,2
2026-09-25 11:31:35,2026-09-25,2026-09-24,2026-09-25T11:40:00+00:00,IWM,281.66,283.12,official_close,5786,2652,1420,-2799982346.16,-2810946339.5,288.1297,0.02297,287.0,280.0,0,negative,30,0.01,0.15,0.1,0,2
2026-09-26 03:44:24,2026-09-26,2026-09-25,2026-09-26T11:37:11+00:00,SPX,7743.41,7743.4102,official_close,29206,10242,6992,31736451276.09,32762637518.95,7707.6421,-0.004619,7800.0,7500.0,0,positive,30,0.01,0.15,0.1,0,2
2026-09-26 03:44:28,2026-09-26,2026-09-25,2026-09-26T11:37:12+00:00,SPY,771.35,771.35,official_close,12940,4264,2678,1665537075.19,1806440612.07,769.7457,-0.00208,785.0,761.0,0,positive,30,0.01,0.15,0.1,0,2
2026-09-26 03:44:31,2026-09-26,2026-09-25,2026-09-26T11:37:13+00:00,QQQ,744.5,745.4,official_close,11328,4492,2644,2684669305.6,2918492207.36,737.1444,-0.00988,760.0,730.0,0,positive,30,0.01,0.15,0.1,0,2
2026-09-26 03:44:30,2026-09-26,2026-09-25,2026-09-26T11:37:13+00:00,IWM,281.97,281.97,official_close,5530,2396,1322,-2739123107.18,-2740452036.24,290.0883,0.028791,300.0,280.0,0,negative,30,0.01,0.15,0.1,0,2
2026-09-29 11:39:15,2026-09-29,2026-09-28,2026-09-29T11:39:57+00:00,SPX,7683.69,7683.6899,official_close,30110,10910,7550,-2676519524.82,-1743046537.05,7700.7057,0.002215,7800.0,7650.0,0,negative,30,0.004,0.15,0.1,0,2
2026-09-29 11:38:40,2026-09-29,2026-09-28,2026-09-29T11:39:58+00:00,SPY,765.61,766.682,official_close,13282,4312,2724,-5309666807.87,-5151759413.02,767.9418,0.003046,785.0,761.0,0,negative,30,0.004,0.15,0.1,0,2
2026-09-29 11:32:35,2026-09-29,2026-09-28,2026-09-29T11:39:59+00:00,QQQ,736.53,738.45,official_close,11330,4494,2716,-1803797201.75,-1625406156.81,738.5079,0.002685,745.0,730.0,0,negative,30,0.004,0.15,0.1,0,2
2026-09-29 11:05:08,2026-09-29,2026-09-28,2026-09-29T11:39:59+00:00,IWM,280.02,280.29,official_close,5598,2460,1340,-3220245595.4,-3226495477.74,288.6631,0.030866,300.0,275.0,0,negative,30,0.004,0.15,0.1,0,2
2026-09-30 11:39:17,2026-09-30,2026-09-29,2026-09-30T11:40:23+00:00,SPX,7670.84,7670.8398,official_close,30100,10852,7502,-18277988775.04,-17358644705.8,7687.8964,0.002224,7800.0,7600.0,0,negative,30,0.004,0.15,0.1,0,2
2026-09-30 11:35:21,2026-09-30,2026-09-29,2026-09-30T11:40:24+00:00,SPY,764.2,763.32,official_close,13274,4304,2716,-4455807011.25,-4337582128.05,766.6881,0.003256,785.0,745.0,0,negative,30,0.004,0.15,0.1,0,2
2026-09-30 11:38:11,2026-09-30,2026-09-29,2026-09-30T11:40:25+00:00,QQQ,737.93,736.56,official_close,11284,4448,2668,-885556892.84,-727919552.5,739.4236,0.002024,745.0,730.0,0,negative,30,0.004,0.15,0.1,0,2
2026-09-30 11:27:20,2026-09-30,2026-09-29,2026-09-30T11:40:26+00:00,IWM,279.01,278.27,official_close,5600,2462,1300,-3498848997.49,-3504099328.95,286.634,0.027325,300.0,275.0,0,negative,30,0.004,0.15,0.1,0,2
2026-10-01 11:40:16,2026-10-01,2026-09-30,2026-10-01T11:40:51+00:00,SPX,7651.54,7651.54,official_close,29394,10800,7704,-24953146425.47,-23894352560.52,7692.9662,0.005414,7800.0,7500.0,0,negative,30,0.004,0.15,0.1,0,2
2026-10-01 11:38:01,2026-10-01,2026-09-30,2026-10-01T11:40:52+00:00,SPY,762.63,764.41,official_close,13098,4466,2884,-6564254719.96,-6329649881.63,767.1898,0.005979,785.0,745.0,0,negative,30,0.004,0.15,0.1,0,2
2026-10-01 11:32:00,2026-10-01,2026-09-30,2026-10-01T11:40:52+00:00,QQQ,739.77,743.82,official_close,11268,4648,2770,-118572724.13,90592815.68,740.9759,0.00163,750.0,730.0,0,negative,30,0.004,0.15,0.1,0,2
2026-10-01 10:16:46,2026-10-01,2026-09-30,2026-10-01T11:40:53+00:00,IWM,277.89,277.33,official_close,5744,2652,1398,-3373233327.59,-3376049405.61,289.2113,0.04074,286.0,275.0,0,negative,30,0.004,0.15,0.1,0,2
2026-10-02 11:40:15,2026-10-02,2026-10-01,2026-10-02T11:41:31+00:00,SPX,7666.45,7666.4502,official_close,29292,10472,7472,19083225259.42,19774442244.53,7691.3784,0.003252,7800.0,7500.0,0,positive,30,0.004,0.15,0.1,0,2
2026-10-02 11:36:51,2026-10-02,2026-10-01,2026-10-02T11:41:32+00:00,SPY,763.99,768.04,official_close,13280,4398,2842,-5013565585.8,-4790628442.91,767.5838,0.004704,785.0,745.0,0,negative,30,0.004,0.15,0.1,0,2
2026-10-02 11:39:41,2026-10-02,2026-10-01,2026-10-02T11:41:33+00:00,QQQ,742.03,747.5,official_close,11432,4568,2690,-803509621.85,-602281864.19,743.7559,0.002326,750.0,730.0,0,negative,30,0.004,0.15,0.1,0,2
2026-10-02 11:37:46,2026-10-02,2026-10-01,2026-10-02T11:41:34+00:00,IWM,279.02,281.15,official_close,5850,2592,1370,-2930297193.03,-2931515345.79,287.9219,0.031904,284.0,275.0,0,negative,30,0.004,0.15,0.1,0,2
2026-10-03 05:22:37,2026-10-03,2026-10-02,2026-10-03T14:47:01+00:00,SPX,7722.72,7722.7202,official_close,28690,9870,6880,19095795825.13,20118950815.32,7697.0413,-0.003325,7800.0,7500.0,0,positive,30,0.004,0.15,0.1,0,2
2026-10-03 03:43:54,2026-10-03,2026-10-02,2026-10-03T14:47:02+00:00,SPY,769.64,769.64,official_close,12938,4056,2604,-198856740.29,-18394526.58,770.3208,0.000885,785.0,745.0,0,negative,30,0.004,0.15,0.1,0,2
2026-10-03 03:43:54,2026-10-03,2026-10-02,2026-10-03T14:47:02+00:00,QQQ,749.58,749.55,official_close,11076,4212,2446,2810094011.5,3007066142.26,742.7506,-0.009111,760.0,725.0,0,positive,30,0.004,0.15,0.1,0,2
2026-10-03 03:43:57,2026-10-03,2026-10-02,2026-10-03T14:47:03+00:00,IWM,281.52,281.52,official_close,5590,2340,1314,-2292822878.58,-2293881919.46,289.7848,0.029358,285.0,275.0,0,negative,30,0.004,0.15,0.1,0,2
