feed_ts,feed_date,capture_ts,elapsed_s,vix,vix_chg_1d_pct,vix_20d_change_pct,vix_20d_high,vix9d,vix9d_chg_1d_pct,term_spread_9d_vs_30d,term_state,schema_version
2026-09-10T16:15:01,2026-09-10,2026-09-11T13:12:49+00:00,,16.03,-0.101457,0.124912,False,17.7,0.0,1.67,backwardation(short-rich),1
2026-09-11T09:57:16,2026-09-11,2026-09-11T14:13:09+00:00,3620,15.97,-0.104821,0.120702,False,14.54,-0.178531,-1.43,contango(short-cheap),1
2026-09-11T10:15:16,2026-09-11,2026-09-11T14:30:59+00:00,1070,15.96,-0.105381,0.12,False,14.51,-0.180226,-1.45,contango(short-cheap),1
2026-09-11T10:39:16,2026-09-11,2026-09-11T14:55:04+00:00,1445,16.14,-0.095291,0.132632,False,14.78,-0.164972,-1.36,contango(short-cheap),1
2026-09-11T10:56:16,2026-09-11,2026-09-11T15:12:00+00:00,1016,16.15,-0.094731,0.133333,False,14.76,-0.166102,-1.39,contango(short-cheap),1
2026-09-11T11:13:16,2026-09-11,2026-09-11T15:29:11+00:00,1031,16.0,-0.103139,0.122807,False,14.55,-0.177966,-1.45,contango(short-cheap),1
2026-09-11T11:29:16,2026-09-11,2026-09-11T15:45:32+00:00,981,15.79,-0.11491,0.10807,False,14.24,-0.19548,-1.55,contango(short-cheap),1
2026-09-11T11:57:16,2026-09-11,2026-09-11T16:13:32+00:00,1680,15.74,-0.117713,0.104561,False,14.06,-0.20565,-1.68,contango(short-cheap),1
2026-09-11T12:15:31,2026-09-11,2026-09-11T16:31:13+00:00,1061,15.72,-0.118834,0.103158,False,14.02,-0.20791,-1.7,contango(short-cheap),1
2026-09-11T12:37:31,2026-09-11,2026-09-11T16:52:45+00:00,1292,15.83,-0.112668,0.110877,False,14.22,-0.19661,-1.61,contango(short-cheap),1
2026-09-11T12:55:31,2026-09-11,2026-09-11T17:11:17+00:00,1112,15.74,-0.117713,0.104561,False,14.06,-0.20565,-1.68,contango(short-cheap),1
2026-09-11T13:11:31,2026-09-11,2026-09-11T17:26:59+00:00,942,15.71,-0.119395,0.102456,False,14.02,-0.20791,-1.69,contango(short-cheap),1
2026-09-11T13:25:31,2026-09-11,2026-09-11T17:41:39+00:00,880,15.66,-0.122197,0.098947,False,13.95,-0.211864,-1.71,contango(short-cheap),1
2026-09-11T13:37:31,2026-09-11,2026-09-11T17:52:53+00:00,674,15.63,-0.123879,0.096842,False,13.87,-0.216384,-1.76,contango(short-cheap),1
2026-09-11T13:58:31,2026-09-11,2026-09-11T18:14:34+00:00,1301,15.62,-0.124439,0.09614,False,13.84,-0.218079,-1.78,contango(short-cheap),1
2026-09-11T14:18:31,2026-09-11,2026-09-11T18:34:28+00:00,1194,15.61,-0.125,0.095439,False,13.8,-0.220339,-1.81,contango(short-cheap),1
2026-09-11T14:37:31,2026-09-11,2026-09-11T18:53:19+00:00,1131,15.63,-0.123879,0.096842,False,13.82,-0.219209,-1.81,contango(short-cheap),1
2026-09-11T14:55:31,2026-09-11,2026-09-11T19:11:14+00:00,1075,15.8,-0.11435,0.108772,False,14.1,-0.20339,-1.7,contango(short-cheap),1
2026-09-11T15:10:31,2026-09-11,2026-09-11T19:26:07+00:00,893,15.91,-0.108184,0.116491,False,14.32,-0.19096,-1.59,contango(short-cheap),1
2026-09-11T15:24:31,2026-09-11,2026-09-11T19:40:08+00:00,841,15.86,-0.110987,0.112982,False,14.3,-0.19209,-1.56,contango(short-cheap),1
2026-09-11T15:35:31,2026-09-11,2026-09-11T19:51:40+00:00,692,15.93,-0.107063,0.117895,False,14.5,-0.180791,-1.43,contango(short-cheap),1
2026-09-11T15:56:31,2026-09-11,2026-09-11T20:12:41+00:00,1261,15.85,-0.111547,0.112281,False,14.42,-0.185311,-1.43,contango(short-cheap),1
2026-09-11T16:13:31,2026-09-11,2026-09-11T20:29:28+00:00,1007,15.85,-0.111547,0.112281,False,14.46,-0.183051,-1.39,contango(short-cheap),1
2026-09-11T16:15:01,2026-09-11,2026-09-11T20:44:44+00:00,916,15.84,-0.112108,0.111579,False,14.47,-0.182486,-1.37,contango(short-cheap),1
2026-09-11T16:15:01,2026-09-11,2026-09-14T13:15:14+00:00,232230,17.74,0.119949,0.167874,False,14.47,0.0,-3.27,unreliable(vix9d-stale),1
2026-09-11T16:15:01,2026-09-11,2026-09-14T13:35:07+00:00,1193,17.66,0.114899,0.162607,False,14.47,0.0,-3.19,unreliable(vix9d-stale),1
2026-09-14T09:39:16,2026-09-14,2026-09-14T13:55:29+00:00,1222,17.7,0.117424,0.16524,False,17.44,0.205252,-0.26,contango(short-cheap),1
2026-09-14T10:01:16,2026-09-14,2026-09-14T14:17:20+00:00,1311,17.37,0.096591,0.143515,False,16.92,0.169316,-0.45,contango(short-cheap),1
2026-09-14T10:18:16,2026-09-14,2026-09-14T14:34:26+00:00,1026,17.31,0.092803,0.139566,False,16.85,0.164478,-0.46,contango(short-cheap),1
2026-09-14T10:43:16,2026-09-14,2026-09-14T14:59:08+00:00,1482,17.58,0.109848,0.15734,False,17.35,0.199032,-0.23,contango(short-cheap),1
2026-09-14T11:04:16,2026-09-14,2026-09-14T15:20:18+00:00,1270,17.51,0.105429,0.152732,False,17.23,0.190739,-0.28,contango(short-cheap),1
2026-09-14T11:28:16,2026-09-14,2026-09-14T15:43:53+00:00,1415,17.16,0.083333,0.129691,False,16.72,0.155494,-0.44,contango(short-cheap),1
2026-09-14T11:41:16,2026-09-14,2026-09-14T15:56:47+00:00,774,16.87,0.065025,0.110599,False,16.43,0.135453,-0.44,contango(short-cheap),1
2026-09-14T12:00:16,2026-09-14,2026-09-14T16:15:53+00:00,1146,16.77,0.058712,0.104016,False,16.15,0.116102,-0.62,contango(short-cheap),1
2026-09-14T12:28:16,2026-09-14,2026-09-14T16:43:42+00:00,1669,16.76,0.058081,0.103357,False,16.11,0.113338,-0.65,contango(short-cheap),1
2026-09-14T12:42:16,2026-09-14,2026-09-14T16:57:55+00:00,853,16.73,0.056187,0.101382,False,16.03,0.107809,-0.7,contango(short-cheap),1
2026-09-14T13:00:16,2026-09-14,2026-09-14T17:15:46+00:00,1071,16.66,0.051768,0.096774,False,16.03,0.107809,-0.63,contango(short-cheap),1
2026-09-14T13:26:31,2026-09-14,2026-09-14T17:41:57+00:00,1571,16.79,0.059975,0.105332,False,16.19,0.118867,-0.6,contango(short-cheap),1
2026-09-14T13:39:31,2026-09-14,2026-09-14T17:55:23+00:00,806,16.7,0.054293,0.099408,False,16.05,0.109191,-0.65,contango(short-cheap),1
2026-09-14T13:58:31,2026-09-14,2026-09-14T18:14:07+00:00,1124,16.68,0.05303,0.098091,False,16.01,0.106427,-0.67,contango(short-cheap),1
2026-09-14T14:19:31,2026-09-14,2026-09-14T18:35:28+00:00,1281,16.74,0.056818,0.102041,False,16.16,0.116793,-0.58,contango(short-cheap),1
2026-09-14T14:41:31,2026-09-14,2026-09-14T18:57:38+00:00,1330,16.71,0.054924,0.100066,False,16.17,0.117484,-0.54,contango(short-cheap),1
2026-09-14T15:02:31,2026-09-14,2026-09-14T19:17:48+00:00,1210,16.79,0.059975,0.105332,False,16.41,0.13407,-0.38,contango(short-cheap),1
2026-09-14T15:26:31,2026-09-14,2026-09-14T19:41:56+00:00,1448,16.85,0.063763,0.109282,False,16.51,0.140981,-0.34,contango(short-cheap),1
2026-09-14T15:38:31,2026-09-14,2026-09-14T19:54:29+00:00,753,16.87,0.065025,0.110599,False,16.54,0.143055,-0.33,contango(short-cheap),1
2026-09-14T15:57:31,2026-09-14,2026-09-14T20:13:28+00:00,1139,16.99,0.072601,0.118499,False,16.58,0.145819,-0.41,contango(short-cheap),1
2026-09-14T16:14:31,2026-09-14,2026-09-14T20:30:09+00:00,1001,17.1,0.079545,0.125741,False,16.9,0.167934,-0.2,contango(short-cheap),1
2026-09-14T16:15:01,2026-09-14,2026-09-14T20:45:22+00:00,913,17.1,0.079545,0.125741,False,16.91,0.168625,-0.19,contango(short-cheap),1
2026-09-14T16:15:01,2026-09-14,2026-09-15T13:14:01+00:00,59319,16.89,-0.012281,0.066288,False,16.91,0.0,0.02,unreliable(vix9d-stale),1
2026-09-14T16:15:01,2026-09-14,2026-09-15T13:32:07+00:00,1086,16.88,-0.012865,0.065657,False,16.91,0.0,0.03,unreliable(vix9d-stale),1
2026-09-15T09:39:16,2026-09-15,2026-09-15T13:54:44+00:00,1357,16.9,-0.011696,0.066919,False,16.6,-0.018332,-0.3,contango(short-cheap),1
2026-09-15T09:58:16,2026-09-15,2026-09-15T14:13:43+00:00,1139,16.97,-0.007602,0.071338,False,16.65,-0.015376,-0.32,contango(short-cheap),1
2026-09-15T10:15:16,2026-09-15,2026-09-15T14:30:59+00:00,1036,17.42,0.018713,0.099747,False,17.4,0.028977,-0.02,contango(short-cheap),1
2026-09-15T10:40:16,2026-09-15,2026-09-15T14:55:47+00:00,1488,17.56,0.026901,0.108586,False,17.66,0.044352,0.1,backwardation(short-rich),1
2026-09-15T10:56:16,2026-09-15,2026-09-15T15:12:36+00:00,1009,17.8,0.040936,0.123737,False,18.0,0.064459,0.2,backwardation(short-rich),1
2026-09-15T11:13:16,2026-09-15,2026-09-15T15:29:10+00:00,994,17.78,0.039766,0.122475,False,17.94,0.060911,0.16,backwardation(short-rich),1
2026-09-15T11:30:16,2026-09-15,2026-09-15T15:46:14+00:00,1024,17.64,0.031579,0.113636,False,17.64,0.04317,0.0,contango(short-cheap),1
2026-09-15T11:57:16,2026-09-15,2026-09-15T16:13:03+00:00,1609,17.55,0.026316,0.107955,False,17.57,0.03903,0.02,backwardation(short-rich),1
2026-09-15T12:15:16,2026-09-15,2026-09-15T16:30:43+00:00,1060,17.75,0.038012,0.120581,False,17.88,0.057363,0.13,backwardation(short-rich),1
2026-09-15T12:38:31,2026-09-15,2026-09-15T16:54:37+00:00,1434,17.48,0.022222,0.103535,False,17.51,0.035482,0.03,backwardation(short-rich),1
2026-09-15T12:56:31,2026-09-15,2026-09-15T17:11:45+00:00,1028,17.48,0.022222,0.103535,False,17.41,0.029568,-0.07,contango(short-cheap),1
2026-09-15T13:10:31,2026-09-15,2026-09-15T17:26:35+00:00,890,17.55,0.026316,0.107955,False,17.52,0.036073,-0.03,contango(short-cheap),1
2026-09-15T13:26:31,2026-09-15,2026-09-15T17:41:43+00:00,908,17.67,0.033333,0.11553,False,17.78,0.051449,0.11,backwardation(short-rich),1
2026-09-15T13:37:31,2026-09-15,2026-09-15T17:53:18+00:00,695,17.62,0.030409,0.112374,False,17.67,0.044944,0.05,backwardation(short-rich),1
2026-09-15T13:58:31,2026-09-15,2026-09-15T18:13:56+00:00,1238,17.56,0.026901,0.108586,False,17.56,0.038439,0.0,contango(short-cheap),1
2026-09-15T14:16:31,2026-09-15,2026-09-15T18:32:24+00:00,1108,17.48,0.022222,0.103535,False,17.51,0.035482,0.03,backwardation(short-rich),1
2026-09-15T14:39:31,2026-09-15,2026-09-15T18:55:21+00:00,1377,17.49,0.022807,0.104167,False,17.66,0.044352,0.17,backwardation(short-rich),1
2026-09-15T14:55:31,2026-09-15,2026-09-15T19:11:38+00:00,977,17.52,0.024561,0.106061,False,17.7,0.046718,0.18,backwardation(short-rich),1
2026-09-15T15:11:31,2026-09-15,2026-09-15T19:26:59+00:00,921,17.43,0.019298,0.100379,False,17.51,0.035482,0.08,backwardation(short-rich),1
2026-09-15T15:26:31,2026-09-15,2026-09-15T19:42:40+00:00,941,17.48,0.022222,0.103535,False,17.58,0.039622,0.1,backwardation(short-rich),1
2026-09-15T15:38:31,2026-09-15,2026-09-15T19:54:36+00:00,716,17.48,0.022222,0.103535,False,17.62,0.041987,0.14,backwardation(short-rich),1
2026-09-15T15:57:31,2026-09-15,2026-09-15T20:13:14+00:00,1118,17.44,0.019883,0.10101,False,17.63,0.042578,0.19,backwardation(short-rich),1
2026-09-15T16:13:31,2026-09-15,2026-09-15T20:29:02+00:00,948,17.2,0.005848,0.085859,False,17.15,0.014193,-0.05,contango(short-cheap),1
2026-09-15T16:15:01,2026-09-15,2026-09-15T20:45:19+00:00,977,17.2,0.005848,0.085859,False,17.21,0.017741,0.01,backwardation(short-rich),1
2026-09-16T09:40:31,2026-09-16,2026-09-16T13:55:43+00:00,61824,16.91,-0.01686,0.135662,False,16.8,-0.023823,-0.11,contango(short-cheap),1
2026-09-16T09:58:31,2026-09-16,2026-09-16T14:14:26+00:00,1123,16.74,-0.026744,0.124244,False,16.41,-0.046485,-0.33,contango(short-cheap),1
2026-09-16T10:16:31,2026-09-16,2026-09-16T14:32:01+00:00,1055,16.83,-0.021512,0.130289,False,16.58,-0.036607,-0.25,contango(short-cheap),1
2026-09-16T10:39:31,2026-09-16,2026-09-16T14:55:26+00:00,1405,16.83,-0.021512,0.130289,False,16.63,-0.033701,-0.2,contango(short-cheap),1
2026-09-16T10:57:31,2026-09-16,2026-09-16T15:13:01+00:00,1055,16.8,-0.023256,0.128274,False,16.57,-0.037188,-0.23,contango(short-cheap),1
2026-09-16T11:14:31,2026-09-16,2026-09-16T15:30:09+00:00,1028,16.68,-0.030233,0.120215,False,16.54,-0.038931,-0.14,contango(short-cheap),1
2026-09-16T11:30:31,2026-09-16,2026-09-16T15:45:49+00:00,940,16.71,-0.028488,0.12223,False,16.5,-0.041255,-0.21,contango(short-cheap),1
2026-09-16T11:57:31,2026-09-16,2026-09-16T16:13:11+00:00,1642,16.7,-0.02907,0.121558,False,16.46,-0.043579,-0.24,contango(short-cheap),1
2026-09-16T12:14:31,2026-09-16,2026-09-16T16:30:22+00:00,1031,16.81,-0.022674,0.128946,False,16.57,-0.037188,-0.24,contango(short-cheap),1
2026-09-16T12:30:31,2026-09-16,2026-09-16T16:46:42+00:00,980,16.85,-0.020349,0.131632,False,16.55,-0.03835,-0.3,contango(short-cheap),1
2026-09-16T12:55:16,2026-09-16,2026-09-16T17:11:27+00:00,1485,16.79,-0.023837,0.127602,False,16.42,-0.045904,-0.37,contango(short-cheap),1
2026-09-16T13:11:16,2026-09-16,2026-09-16T17:26:58+00:00,931,16.87,-0.019186,0.132975,False,16.54,-0.038931,-0.33,contango(short-cheap),1
2026-09-16T13:27:16,2026-09-16,2026-09-16T17:42:41+00:00,943,16.82,-0.022093,0.129617,False,16.4,-0.047066,-0.42,contango(short-cheap),1
2026-09-16T13:39:16,2026-09-16,2026-09-16T17:54:47+00:00,726,16.81,-0.022674,0.128946,False,16.34,-0.050552,-0.47,contango(short-cheap),1
2026-09-16T13:59:16,2026-09-16,2026-09-16T18:14:53+00:00,1206,16.88,-0.018605,0.133647,False,16.59,-0.036026,-0.29,contango(short-cheap),1
2026-09-16T14:19:16,2026-09-16,2026-09-16T18:35:04+00:00,1211,16.73,-0.027326,0.123573,False,16.08,-0.06566,-0.65,contango(short-cheap),1
2026-09-16T14:39:16,2026-09-16,2026-09-16T18:55:07+00:00,1203,17.19,-0.000581,0.154466,False,16.73,-0.027891,-0.46,contango(short-cheap),1
2026-09-16T14:56:16,2026-09-16,2026-09-16T19:12:12+00:00,1025,17.63,0.025,0.184016,False,17.39,0.010459,-0.24,contango(short-cheap),1
2026-09-16T15:12:16,2026-09-16,2026-09-16T19:27:48+00:00,936,18.17,0.056395,0.220282,True,18.2,0.057525,0.03,backwardation(short-rich),1
2026-09-16T15:26:16,2026-09-16,2026-09-16T19:41:58+00:00,850,18.89,0.098256,0.268637,True,19.25,0.118536,0.36,backwardation(short-rich),1
2026-09-16T15:37:16,2026-09-16,2026-09-16T19:53:28+00:00,690,18.12,0.053488,0.216924,True,17.97,0.04416,-0.15,contango(short-cheap),1
2026-09-16T15:57:16,2026-09-16,2026-09-16T20:13:29+00:00,1201,17.5,0.017442,0.175285,False,17.12,-0.00523,-0.38,contango(short-cheap),1
2026-09-16T16:14:31,2026-09-16,2026-09-16T20:30:23+00:00,1014,17.71,0.029651,0.189389,False,17.4,0.01104,-0.31,contango(short-cheap),1
2026-09-16T16:15:01,2026-09-16,2026-09-17T13:13:58+00:00,60215,15.45,-0.127612,-0.034978,False,17.4,0.0,1.95,unreliable(vix9d-stale),1
2026-09-16T16:15:01,2026-09-16,2026-09-17T13:31:45+00:00,1067,15.42,-0.129305,-0.036852,False,17.4,0.0,1.98,unreliable(vix9d-stale),1
2026-09-17T09:38:16,2026-09-17,2026-09-17T13:54:12+00:00,1347,15.7,-0.113495,-0.019363,False,14.38,-0.173563,-1.32,contango(short-cheap),1
2026-09-17T09:58:16,2026-09-17,2026-09-17T14:14:12+00:00,1200,15.77,-0.109543,-0.014991,False,14.47,-0.168391,-1.3,contango(short-cheap),1
2026-09-17T10:16:16,2026-09-17,2026-09-17T14:32:22+00:00,1090,15.81,-0.107284,-0.012492,False,14.44,-0.170115,-1.37,contango(short-cheap),1
2026-09-17T10:39:16,2026-09-17,2026-09-17T14:54:59+00:00,1357,15.68,-0.114625,-0.020612,False,14.19,-0.184483,-1.49,contango(short-cheap),1
2026-09-17T10:57:16,2026-09-17,2026-09-17T15:13:15+00:00,1096,15.89,-0.102767,-0.007495,False,14.49,-0.167241,-1.4,contango(short-cheap),1
2026-09-17T11:14:16,2026-09-17,2026-09-17T15:29:56+00:00,1001,15.85,-0.105025,-0.009994,False,14.41,-0.171839,-1.44,contango(short-cheap),1
2026-09-17T11:30:16,2026-09-17,2026-09-17T15:46:09+00:00,973,15.79,-0.108413,-0.013741,False,14.27,-0.179885,-1.52,contango(short-cheap),1
2026-09-17T11:58:16,2026-09-17,2026-09-17T16:13:48+00:00,1659,15.69,-0.11406,-0.019988,False,14.06,-0.191954,-1.63,contango(short-cheap),1
2026-09-17T12:15:16,2026-09-17,2026-09-17T16:31:08+00:00,1040,15.63,-0.117448,-0.023735,False,13.97,-0.197126,-1.66,contango(short-cheap),1
2026-09-17T12:38:16,2026-09-17,2026-09-17T16:54:28+00:00,1400,15.63,-0.117448,-0.023735,False,13.96,-0.197701,-1.67,contango(short-cheap),1
2026-09-17T12:55:16,2026-09-17,2026-09-17T17:10:52+00:00,984,15.56,-0.1214,-0.028107,False,13.83,-0.205172,-1.73,contango(short-cheap),1
2026-09-17T13:10:31,2026-09-17,2026-09-17T17:25:40+00:00,888,15.61,-0.118577,-0.024984,False,13.96,-0.197701,-1.65,contango(short-cheap),1
2026-09-17T13:25:31,2026-09-17,2026-09-17T17:40:58+00:00,918,15.66,-0.115754,-0.021861,False,14.0,-0.195402,-1.66,contango(short-cheap),1
2026-09-17T13:37:31,2026-09-17,2026-09-17T17:53:34+00:00,756,15.6,-0.119142,-0.025609,False,13.91,-0.200575,-1.69,contango(short-cheap),1
2026-09-17T14:00:31,2026-09-17,2026-09-17T18:15:43+00:00,1329,15.56,-0.1214,-0.028107,False,13.81,-0.206322,-1.75,contango(short-cheap),1
2026-09-17T14:28:31,2026-09-17,2026-09-17T18:44:08+00:00,1705,15.54,-0.12253,-0.029357,False,13.76,-0.209195,-1.78,contango(short-cheap),1
2026-09-17T14:42:31,2026-09-17,2026-09-17T18:58:05+00:00,837,15.59,-0.119706,-0.026234,False,13.8,-0.206897,-1.79,contango(short-cheap),1
2026-09-17T15:00:31,2026-09-17,2026-09-17T19:15:53+00:00,1068,15.57,-0.120836,-0.027483,False,13.78,-0.208046,-1.79,contango(short-cheap),1
2026-09-17T15:24:31,2026-09-17,2026-09-17T19:39:56+00:00,1443,15.51,-0.124224,-0.03123,False,13.69,-0.213218,-1.82,contango(short-cheap),1
2026-09-17T15:36:31,2026-09-17,2026-09-17T19:52:15+00:00,739,15.45,-0.127612,-0.034978,False,13.6,-0.218391,-1.85,contango(short-cheap),1
2026-09-17T15:57:31,2026-09-17,2026-09-17T20:13:19+00:00,1264,15.44,-0.128176,-0.035603,False,13.59,-0.218966,-1.85,contango(short-cheap),1
2026-09-17T16:14:31,2026-09-17,2026-09-17T20:30:12+00:00,1013,15.44,-0.128176,-0.035603,False,13.39,-0.23046,-2.05,contango(short-cheap),1
2026-09-17T16:15:01,2026-09-17,2026-09-18T13:12:01+00:00,60109,15.51,0.004534,0.025116,False,13.39,0.0,-2.12,contango(short-cheap),1
2026-09-17T16:15:01,2026-09-17,2026-09-18T13:28:16+00:00,975,15.41,-0.001943,0.018506,False,13.39,0.0,-2.02,contango(short-cheap),1
2026-09-17T16:15:01,2026-09-17,2026-09-18T13:44:45+00:00,989,15.43,-0.000648,0.019828,False,13.39,0.0,-2.04,contango(short-cheap),1
2026-09-18T09:41:16,2026-09-18,2026-09-18T13:56:49+00:00,724,15.26,-0.011658,0.008592,False,12.84,-0.041075,-2.42,contango(short-cheap),1
2026-09-18T09:59:16,2026-09-18,2026-09-18T14:15:30+00:00,1121,15.36,-0.005181,0.015202,False,12.83,-0.041822,-2.53,contango(short-cheap),1
2026-09-18T10:25:16,2026-09-18,2026-09-18T14:41:24+00:00,1554,15.51,0.004534,0.025116,False,13.08,-0.023152,-2.43,contango(short-cheap),1
2026-09-18T10:39:16,2026-09-18,2026-09-18T14:54:53+00:00,809,15.35,-0.005829,0.014541,False,12.81,-0.043316,-2.54,contango(short-cheap),1
2026-09-18T10:56:16,2026-09-18,2026-09-18T15:12:28+00:00,1055,15.32,-0.007772,0.012558,False,12.86,-0.039582,-2.46,contango(short-cheap),1
2026-09-18T11:13:16,2026-09-18,2026-09-18T15:28:55+00:00,987,15.39,-0.003238,0.017184,False,12.88,-0.038088,-2.51,contango(short-cheap),1
2026-09-18T11:29:16,2026-09-18,2026-09-18T15:44:37+00:00,942,15.22,-0.014249,0.005948,False,12.66,-0.054518,-2.56,contango(short-cheap),1
2026-09-18T11:41:16,2026-09-18,2026-09-18T15:56:44+00:00,727,15.32,-0.007772,0.012558,False,12.74,-0.048544,-2.58,contango(short-cheap),1
2026-09-18T11:57:16,2026-09-18,2026-09-18T16:13:32+00:00,1008,15.39,-0.003238,0.017184,False,12.83,-0.041822,-2.56,contango(short-cheap),1
2026-09-18T12:28:16,2026-09-18,2026-09-18T16:43:52+00:00,1820,15.54,0.006477,0.027098,False,13.09,-0.022405,-2.45,contango(short-cheap),1
2026-09-18T12:39:16,2026-09-18,2026-09-18T16:55:07+00:00,675,15.45,0.000648,0.02115,False,12.99,-0.029873,-2.46,contango(short-cheap),1
2026-09-18T12:55:16,2026-09-18,2026-09-18T17:11:05+00:00,958,15.4,-0.002591,0.017845,False,12.84,-0.041075,-2.56,contango(short-cheap),1
2026-09-18T13:09:16,2026-09-18,2026-09-18T17:24:57+00:00,832,15.38,-0.003886,0.016523,False,12.82,-0.042569,-2.56,contango(short-cheap),1
2026-09-18T13:22:16,2026-09-18,2026-09-18T17:37:54+00:00,777,15.41,-0.001943,0.018506,False,12.89,-0.037341,-2.52,contango(short-cheap),1
2026-09-18T13:36:31,2026-09-18,2026-09-18T17:51:48+00:00,834,15.31,-0.00842,0.011897,False,12.73,-0.049291,-2.58,contango(short-cheap),1
2026-09-18T13:58:31,2026-09-18,2026-09-18T18:14:08+00:00,1340,15.24,-0.012953,0.00727,False,12.68,-0.053025,-2.56,contango(short-cheap),1
2026-09-18T14:16:31,2026-09-18,2026-09-18T18:32:15+00:00,1087,15.23,-0.013601,0.006609,False,12.73,-0.049291,-2.5,contango(short-cheap),1
2026-09-18T14:37:31,2026-09-18,2026-09-18T18:52:42+00:00,1227,15.11,-0.021373,-0.001322,False,12.65,-0.055265,-2.46,contango(short-cheap),1
2026-09-18T14:56:31,2026-09-18,2026-09-18T19:12:21+00:00,1179,14.98,-0.029793,-0.009914,False,12.47,-0.068708,-2.51,contango(short-cheap),1
2026-09-18T15:10:31,2026-09-18,2026-09-18T19:26:33+00:00,852,14.95,-0.031736,-0.011897,False,12.37,-0.076176,-2.58,contango(short-cheap),1
2026-09-18T15:23:31,2026-09-18,2026-09-18T19:38:52+00:00,739,14.98,-0.029793,-0.009914,False,12.42,-0.072442,-2.56,contango(short-cheap),1
2026-09-18T15:36:31,2026-09-18,2026-09-18T19:51:49+00:00,777,14.99,-0.029145,-0.009253,False,12.34,-0.078417,-2.65,contango(short-cheap),1
2026-09-18T15:56:31,2026-09-18,2026-09-18T20:12:16+00:00,1227,14.88,-0.036269,-0.016523,False,12.24,-0.085885,-2.64,contango(short-cheap),1
2026-09-18T16:12:31,2026-09-18,2026-09-18T20:28:02+00:00,946,14.82,-0.040155,-0.020489,False,12.31,-0.080657,-2.51,contango(short-cheap),1
2026-09-18T16:15:01,2026-09-18,2026-09-18T20:42:53+00:00,891,14.81,-0.040803,-0.02115,False,12.27,-0.083645,-2.54,contango(short-cheap),1
2026-09-18T16:15:01,2026-09-18,2026-09-21T13:12:18+00:00,232165,14.87,0.004051,-0.06183,False,12.27,0.0,-2.6,contango(short-cheap),1
2026-09-18T16:15:01,2026-09-18,2026-09-21T13:28:53+00:00,995,14.88,0.004727,-0.061199,False,12.27,0.0,-2.61,contango(short-cheap),1
2026-09-18T16:15:01,2026-09-18,2026-09-21T13:45:08+00:00,975,14.9,0.006077,-0.059937,False,12.27,0.0,-2.63,unreliable(vix9d-stale),1
2026-09-21T09:42:31,2026-09-21,2026-09-21T13:58:01+00:00,773,14.9,0.006077,-0.059937,False,13.02,0.061125,-1.88,contango(short-cheap),1
2026-09-21T10:02:31,2026-09-21,2026-09-21T14:18:13+00:00,1212,14.86,0.003376,-0.062461,False,13.01,0.06031,-1.85,contango(short-cheap),1
2026-09-21T10:26:31,2026-09-21,2026-09-21T14:42:15+00:00,1442,14.8,-0.000675,-0.066246,False,12.94,0.054605,-1.86,contango(short-cheap),1
2026-09-21T10:40:31,2026-09-21,2026-09-21T14:55:53+00:00,818,14.74,-0.004727,-0.070032,False,12.8,0.043195,-1.94,contango(short-cheap),1
2026-09-21T10:56:31,2026-09-21,2026-09-21T15:12:25+00:00,992,14.62,-0.012829,-0.077603,False,12.7,0.035045,-1.92,contango(short-cheap),1
2026-09-21T11:11:31,2026-09-21,2026-09-21T15:27:44+00:00,919,14.66,-0.010128,-0.075079,False,12.77,0.04075,-1.89,contango(short-cheap),1
2026-09-21T11:27:31,2026-09-21,2026-09-21T15:42:57+00:00,913,14.78,-0.002026,-0.067508,False,13.04,0.062755,-1.74,contango(short-cheap),1
2026-09-21T11:39:31,2026-09-21,2026-09-21T15:55:28+00:00,751,14.85,0.002701,-0.063091,False,13.13,0.07009,-1.72,contango(short-cheap),1
2026-09-21T11:57:31,2026-09-21,2026-09-21T16:13:13+00:00,1065,14.89,0.005402,-0.060568,False,13.23,0.07824,-1.66,contango(short-cheap),1
2026-09-21T12:14:31,2026-09-21,2026-09-21T16:30:44+00:00,1051,14.97,0.010804,-0.055521,False,13.39,0.09128,-1.58,contango(short-cheap),1
2026-09-21T12:38:46,2026-09-21,2026-09-21T16:54:03+00:00,1399,15.09,0.018906,-0.04795,False,13.59,0.107579,-1.5,contango(short-cheap),1
2026-09-21T12:54:46,2026-09-21,2026-09-21T17:10:22+00:00,979,15.04,0.01553,-0.051104,False,13.45,0.09617,-1.59,contango(short-cheap),1
2026-09-21T13:08:46,2026-09-21,2026-09-21T17:24:28+00:00,846,14.98,0.011479,-0.05489,False,13.31,0.08476,-1.67,contango(short-cheap),1
2026-09-21T13:23:46,2026-09-21,2026-09-21T17:39:52+00:00,924,15.04,0.01553,-0.051104,False,13.38,0.090465,-1.66,contango(short-cheap),1
2026-09-21T13:36:46,2026-09-21,2026-09-21T17:52:36+00:00,764,15.02,0.01418,-0.052366,False,13.31,0.08476,-1.71,contango(short-cheap),1
2026-09-21T13:58:46,2026-09-21,2026-09-21T18:14:32+00:00,1316,15.05,0.016205,-0.050473,False,13.41,0.09291,-1.64,contango(short-cheap),1
2026-09-21T14:18:46,2026-09-21,2026-09-21T18:34:33+00:00,1201,15.05,0.016205,-0.050473,False,13.36,0.088835,-1.69,contango(short-cheap),1
2026-09-21T14:39:46,2026-09-21,2026-09-21T18:55:54+00:00,1281,14.99,0.012154,-0.054259,False,13.21,0.07661,-1.78,contango(short-cheap),1
2026-09-21T14:56:46,2026-09-21,2026-09-21T19:12:39+00:00,1005,15.03,0.014855,-0.051735,False,13.27,0.0815,-1.76,contango(short-cheap),1
2026-09-21T15:12:46,2026-09-21,2026-09-21T19:28:33+00:00,954,15.04,0.01553,-0.051104,False,13.31,0.08476,-1.73,contango(short-cheap),1
2026-09-21T15:26:46,2026-09-21,2026-09-21T19:42:51+00:00,858,14.97,0.010804,-0.055521,False,13.19,0.07498,-1.78,contango(short-cheap),1
2026-09-21T15:37:46,2026-09-21,2026-09-21T19:53:56+00:00,665,14.88,0.004727,-0.061199,False,13.14,0.070905,-1.74,contango(short-cheap),1
2026-09-21T15:56:46,2026-09-21,2026-09-21T20:12:33+00:00,1117,14.77,-0.002701,-0.068139,False,12.96,0.056235,-1.81,contango(short-cheap),1
2026-09-21T16:12:46,2026-09-21,2026-09-21T20:28:11+00:00,938,14.83,0.00135,-0.064353,False,13.14,0.070905,-1.69,contango(short-cheap),1
2026-09-21T16:15:01,2026-09-21,2026-09-21T20:42:42+00:00,871,14.87,0.004051,-0.06183,False,13.14,0.070905,-1.73,contango(short-cheap),1
2026-09-21T16:15:01,2026-09-21,2026-09-22T13:13:22+00:00,59440,14.67,-0.01345,-0.050485,False,13.14,0.0,-1.53,unreliable(vix9d-stale),1
2026-09-21T16:15:01,2026-09-21,2026-09-22T13:31:28+00:00,1086,14.64,-0.015467,-0.052427,False,13.14,0.0,-1.5,unreliable(vix9d-stale),1
2026-09-22T09:38:16,2026-09-22,2026-09-22T13:54:37+00:00,1389,14.69,-0.012105,-0.049191,False,12.96,-0.013699,-1.73,contango(short-cheap),1
2026-09-22T09:57:16,2026-09-22,2026-09-22T14:13:22+00:00,1125,14.62,-0.016812,-0.053722,False,12.7,-0.033486,-1.92,contango(short-cheap),1
2026-09-22T10:15:16,2026-09-22,2026-09-22T14:31:16+00:00,1074,14.41,-0.030935,-0.067314,False,12.37,-0.0586,-2.04,contango(short-cheap),1
2026-09-22T10:40:16,2026-09-22,2026-09-22T14:55:46+00:00,1470,14.45,-0.028245,-0.064725,False,12.41,-0.055556,-2.04,contango(short-cheap),1
2026-09-22T10:57:16,2026-09-22,2026-09-22T15:13:03+00:00,1037,14.41,-0.030935,-0.067314,False,12.3,-0.063927,-2.11,contango(short-cheap),1
2026-09-22T11:13:16,2026-09-22,2026-09-22T15:29:17+00:00,974,14.32,-0.036987,-0.073139,False,12.13,-0.076865,-2.19,contango(short-cheap),1
2026-09-22T11:28:16,2026-09-22,2026-09-22T15:44:21+00:00,904,14.3,-0.038332,-0.074434,False,12.08,-0.08067,-2.22,contango(short-cheap),1
2026-09-22T11:40:16,2026-09-22,2026-09-22T15:56:25+00:00,724,14.38,-0.032952,-0.069256,False,12.23,-0.069254,-2.15,contango(short-cheap),1
2026-09-22T11:57:16,2026-09-22,2026-09-22T16:13:34+00:00,1029,14.38,-0.032952,-0.069256,False,12.3,-0.063927,-2.08,contango(short-cheap),1
2026-09-22T12:16:16,2026-09-22,2026-09-22T16:31:46+00:00,1092,14.31,-0.03766,-0.073786,False,12.26,-0.066971,-2.05,contango(short-cheap),1
2026-09-22T12:38:16,2026-09-22,2026-09-22T16:53:52+00:00,1326,14.27,-0.04035,-0.076375,False,12.17,-0.07382,-2.1,contango(short-cheap),1
2026-09-22T12:56:16,2026-09-22,2026-09-22T17:11:39+00:00,1067,14.29,-0.039005,-0.075081,False,12.23,-0.069254,-2.06,contango(short-cheap),1
2026-09-22T13:11:16,2026-09-22,2026-09-22T17:27:18+00:00,939,14.26,-0.041022,-0.077023,False,12.18,-0.073059,-2.08,contango(short-cheap),1
2026-09-22T13:26:31,2026-09-22,2026-09-22T17:41:49+00:00,871,14.29,-0.039005,-0.075081,False,12.24,-0.068493,-2.05,contango(short-cheap),1
2026-09-22T13:36:31,2026-09-22,2026-09-22T17:52:37+00:00,648,14.26,-0.041022,-0.077023,False,12.18,-0.073059,-2.08,contango(short-cheap),1
2026-09-22T13:59:31,2026-09-22,2026-09-22T18:15:32+00:00,1375,14.27,-0.04035,-0.076375,False,12.21,-0.070776,-2.06,contango(short-cheap),1
2026-09-22T14:19:31,2026-09-22,2026-09-22T18:35:42+00:00,1210,14.29,-0.039005,-0.075081,False,12.2,-0.071537,-2.09,contango(short-cheap),1
2026-09-22T14:39:31,2026-09-22,2026-09-22T18:54:55+00:00,1153,14.27,-0.04035,-0.076375,False,12.19,-0.072298,-2.08,contango(short-cheap),1
2026-09-22T14:55:31,2026-09-22,2026-09-22T19:11:27+00:00,992,14.21,-0.044385,-0.080259,False,12.09,-0.079909,-2.12,contango(short-cheap),1
2026-09-22T15:12:31,2026-09-22,2026-09-22T19:27:44+00:00,977,14.2,-0.045057,-0.080906,False,12.05,-0.082953,-2.15,contango(short-cheap),1
2026-09-22T15:25:31,2026-09-22,2026-09-22T19:40:56+00:00,792,14.21,-0.044385,-0.080259,False,12.05,-0.082953,-2.16,contango(short-cheap),1
2026-09-22T15:36:31,2026-09-22,2026-09-22T19:52:40+00:00,704,14.22,-0.043712,-0.079612,False,12.1,-0.079148,-2.12,contango(short-cheap),1
2026-09-22T15:56:31,2026-09-22,2026-09-22T20:12:03+00:00,1163,14.29,-0.039005,-0.075081,False,12.21,-0.070776,-2.08,contango(short-cheap),1
2026-09-22T16:12:31,2026-09-22,2026-09-22T20:28:06+00:00,963,14.2,-0.045057,-0.080906,False,12.12,-0.077626,-2.08,contango(short-cheap),1
2026-09-22T16:15:01,2026-09-22,2026-09-22T20:44:36+00:00,990,14.21,-0.044385,-0.080259,False,12.13,-0.076865,-2.08,contango(short-cheap),1
2026-09-24T13:27:31,2026-09-24,2026-09-24T17:43:16+00:00,161920,15.76,0.038208,0.03616,False,14.23,0.057993,-1.53,contango(short-cheap),1
2026-09-24T13:39:31,2026-09-24,2026-09-24T17:54:38+00:00,682,15.72,0.035573,0.033531,False,14.15,0.052045,-1.57,contango(short-cheap),1
2026-09-24T13:59:31,2026-09-24,2026-09-24T18:15:31+00:00,1253,15.72,0.035573,0.033531,False,14.12,0.049814,-1.6,contango(short-cheap),1
2026-09-24T14:20:31,2026-09-24,2026-09-24T18:35:46+00:00,1215,15.64,0.030303,0.028271,False,14.0,0.040892,-1.64,contango(short-cheap),1
2026-09-24T14:40:31,2026-09-24,2026-09-24T18:55:50+00:00,1204,15.56,0.025033,0.023011,False,13.93,0.035688,-1.63,contango(short-cheap),1
2026-09-24T14:57:31,2026-09-24,2026-09-24T19:12:48+00:00,1018,15.47,0.019104,0.017094,False,13.85,0.02974,-1.62,contango(short-cheap),1
2026-09-24T15:12:31,2026-09-24,2026-09-24T19:27:51+00:00,903,15.61,0.028327,0.026298,False,14.05,0.04461,-1.56,contango(short-cheap),1
2026-09-24T15:27:31,2026-09-24,2026-09-24T19:43:07+00:00,916,15.57,0.025692,0.023669,False,13.95,0.037175,-1.62,contango(short-cheap),1
2026-09-24T15:39:31,2026-09-24,2026-09-24T19:55:27+00:00,740,15.49,0.020422,0.018409,False,13.76,0.023048,-1.73,contango(short-cheap),1
2026-09-24T15:58:31,2026-09-24,2026-09-24T20:13:46+00:00,1099,15.53,0.023057,0.021039,False,13.88,0.03197,-1.65,contango(short-cheap),1
2026-09-24T16:15:01,2026-09-24,2026-09-24T20:31:53+00:00,1087,15.67,0.032279,0.030243,False,14.11,0.049071,-1.56,contango(short-cheap),1
2026-09-24T16:15:01,2026-09-24,2026-09-25T13:14:11+00:00,60138,15.21,-0.029355,0.0,False,14.11,0.0,-1.1,unreliable(vix9d-stale),1
2026-09-24T16:15:01,2026-09-24,2026-09-25T13:33:01+00:00,1130,15.16,-0.032546,-0.003287,False,14.11,0.0,-1.05,unreliable(vix9d-stale),1
2026-09-25T09:39:16,2026-09-25,2026-09-25T13:54:56+00:00,1315,15.14,-0.033823,-0.004602,False,13.1,-0.07158,-2.04,contango(short-cheap),1
2026-09-25T09:58:16,2026-09-25,2026-09-25T14:13:43+00:00,1127,15.15,-0.033184,-0.003945,False,13.11,-0.070872,-2.04,contango(short-cheap),1
2026-09-25T10:17:16,2026-09-25,2026-09-25T14:32:36+00:00,1133,15.87,0.012763,0.043393,False,14.13,0.001417,-1.74,contango(short-cheap),1
2026-09-25T10:40:16,2026-09-25,2026-09-25T14:56:05+00:00,1409,15.55,-0.007658,0.022354,False,13.66,-0.031892,-1.89,contango(short-cheap),1
2026-09-25T10:59:16,2026-09-25,2026-09-25T15:15:24+00:00,1159,15.46,-0.013401,0.016437,False,13.42,-0.048901,-2.04,contango(short-cheap),1
2026-09-25T11:17:16,2026-09-25,2026-09-25T15:32:45+00:00,1041,15.34,-0.021059,0.008547,False,13.26,-0.060241,-2.08,contango(short-cheap),1
2026-09-25T11:58:16,2026-09-25,2026-09-25T16:13:52+00:00,2467,15.25,-0.026803,0.056826,False,13.18,-0.065911,-2.07,contango(short-cheap),1
2026-09-25T12:17:31,2026-09-25,2026-09-25T16:33:04+00:00,1152,15.01,-0.042119,0.040194,False,13.1,-0.07158,-1.91,contango(short-cheap),1
2026-09-25T12:39:31,2026-09-25,2026-09-25T16:54:55+00:00,1311,14.97,-0.044671,0.037422,False,13.07,-0.073707,-1.9,contango(short-cheap),1
2026-09-25T12:56:31,2026-09-25,2026-09-25T17:12:38+00:00,1063,15.0,-0.042757,0.039501,False,13.12,-0.070163,-1.88,contango(short-cheap),1
2026-09-25T13:13:31,2026-09-25,2026-09-25T17:28:41+00:00,963,15.01,-0.042119,0.040194,False,13.1,-0.07158,-1.91,contango(short-cheap),1
2026-09-25T13:29:31,2026-09-25,2026-09-25T17:45:24+00:00,1003,14.99,-0.043395,0.038808,False,12.98,-0.080085,-2.01,contango(short-cheap),1
2026-09-25T13:42:31,2026-09-25,2026-09-25T17:57:45+00:00,741,14.98,-0.044033,0.038115,False,12.89,-0.086464,-2.09,contango(short-cheap),1
2026-09-25T14:03:31,2026-09-25,2026-09-25T18:19:31+00:00,1306,14.98,-0.044033,0.038115,False,12.9,-0.085755,-2.08,contango(short-cheap),1
2026-09-25T14:27:31,2026-09-25,2026-09-25T18:43:05+00:00,1414,15.03,-0.040842,0.04158,False,12.97,-0.080794,-2.06,contango(short-cheap),1
2026-09-25T14:41:31,2026-09-25,2026-09-25T18:57:14+00:00,849,15.0,-0.042757,0.039501,False,12.92,-0.084337,-2.08,contango(short-cheap),1
2026-09-25T14:58:31,2026-09-25,2026-09-25T19:13:57+00:00,1003,14.93,-0.047224,0.03465,False,12.81,-0.092133,-2.12,contango(short-cheap),1
2026-09-25T15:12:31,2026-09-25,2026-09-25T19:28:40+00:00,883,14.89,-0.049777,0.031878,False,12.77,-0.094968,-2.12,contango(short-cheap),1
2026-09-25T15:27:31,2026-09-25,2026-09-25T19:43:35+00:00,895,14.9,-0.049138,0.032571,False,12.82,-0.091425,-2.08,contango(short-cheap),1
2026-09-25T15:39:31,2026-09-25,2026-09-25T19:55:17+00:00,702,14.77,-0.057435,0.023562,False,12.58,-0.108434,-2.19,contango(short-cheap),1
2026-09-25T15:56:31,2026-09-25,2026-09-25T20:11:59+00:00,1002,14.84,-0.052967,0.028413,False,12.72,-0.098512,-2.12,contango(short-cheap),1
2026-09-25T16:12:31,2026-09-25,2026-09-25T20:28:17+00:00,978,14.9,-0.049138,0.032571,False,12.79,-0.093551,-2.11,contango(short-cheap),1
2026-09-25T16:15:01,2026-09-25,2026-09-25T20:45:03+00:00,1006,14.87,-0.051053,0.030492,False,12.76,-0.095677,-2.11,contango(short-cheap),1
2026-09-25T16:15:01,2026-09-25,2026-09-28T13:14:33+00:00,232170,16.0,0.075992,0.072386,False,12.76,0.0,-3.24,unreliable(vix9d-stale),1
2026-09-25T16:15:01,2026-09-25,2026-09-28T13:35:06+00:00,1233,16.03,0.078009,0.074397,False,12.76,0.0,-3.27,unreliable(vix9d-stale),1
2026-09-28T09:42:16,2026-09-28,2026-09-28T13:58:06+00:00,1380,16.11,0.083389,0.079759,False,14.58,0.142633,-1.53,contango(short-cheap),1
2026-09-28T10:05:16,2026-09-28,2026-09-28T14:21:27+00:00,1401,15.87,0.067249,0.063673,False,14.15,0.108934,-1.72,contango(short-cheap),1
2026-09-28T10:30:16,2026-09-28,2026-09-28T14:46:07+00:00,1480,15.86,0.066577,0.063003,False,14.08,0.103448,-1.78,contango(short-cheap),1
2026-09-28T10:59:16,2026-09-28,2026-09-28T15:15:15+00:00,1748,16.51,0.110289,0.106568,False,15.21,0.192006,-1.3,contango(short-cheap),1
2026-09-28T11:20:16,2026-09-28,2026-09-28T15:36:06+00:00,1251,16.31,0.096839,0.093164,False,14.89,0.166928,-1.42,contango(short-cheap),1
2026-09-28T11:42:16,2026-09-28,2026-09-28T15:58:06+00:00,1320,16.31,0.096839,0.093164,False,14.94,0.170846,-1.37,contango(short-cheap),1
2026-09-28T12:05:31,2026-09-28,2026-09-28T16:20:51+00:00,1365,16.27,0.094149,0.090483,False,14.89,0.166928,-1.38,contango(short-cheap),1
2026-09-28T12:27:31,2026-09-28,2026-09-28T16:43:26+00:00,1355,15.68,0.054472,0.050938,False,14.22,0.11442,-1.46,contango(short-cheap),1
2026-09-28T12:42:31,2026-09-28,2026-09-28T16:58:33+00:00,907,15.97,0.073974,0.070375,False,14.47,0.134013,-1.5,contango(short-cheap),1
2026-09-28T13:02:31,2026-09-28,2026-09-28T17:18:40+00:00,1207,16.01,0.076664,0.073056,False,14.49,0.13558,-1.52,contango(short-cheap),1
2026-09-28T13:27:31,2026-09-28,2026-09-28T17:42:47+00:00,1447,15.97,0.073974,0.070375,False,14.55,0.140282,-1.42,contango(short-cheap),1
2026-09-28T13:41:31,2026-09-28,2026-09-28T17:57:14+00:00,867,15.95,0.072629,0.069035,False,14.46,0.133229,-1.49,contango(short-cheap),1
2026-09-28T14:03:31,2026-09-28,2026-09-28T18:19:32+00:00,1338,15.9,0.069267,0.065684,False,14.31,0.121473,-1.59,contango(short-cheap),1
2026-09-28T14:30:31,2026-09-28,2026-09-28T18:46:36+00:00,1624,15.91,0.069939,0.066354,False,14.21,0.113636,-1.7,contango(short-cheap),1
2026-09-28T14:56:31,2026-09-28,2026-09-28T19:12:35+00:00,1559,15.9,0.069267,0.065684,False,14.22,0.11442,-1.68,contango(short-cheap),1
2026-09-28T15:14:31,2026-09-28,2026-09-28T19:30:15+00:00,1060,16.06,0.080027,0.076408,False,14.46,0.133229,-1.6,contango(short-cheap),1
2026-09-28T15:31:31,2026-09-28,2026-09-28T19:47:22+00:00,1027,16.02,0.077337,0.073727,False,14.34,0.123824,-1.68,contango(short-cheap),1
2026-09-28T15:56:31,2026-09-28,2026-09-28T20:12:00+00:00,1478,16.15,0.086079,0.08244,False,14.62,0.145768,-1.53,contango(short-cheap),1
2026-09-28T16:13:31,2026-09-28,2026-09-28T20:29:33+00:00,1053,16.08,0.081372,0.077748,False,14.43,0.130878,-1.65,contango(short-cheap),1
2026-09-28T16:15:01,2026-09-28,2026-09-28T20:47:29+00:00,1076,16.07,0.080699,0.077078,False,14.39,0.127743,-1.68,contango(short-cheap),1
2026-09-28T16:15:01,2026-09-28,2026-09-29T13:16:03+00:00,59314,15.89,-0.011201,-0.02754,False,14.39,0.0,-1.5,unreliable(vix9d-stale),1
2026-09-29T09:32:16,2026-09-29,2026-09-29T13:46:25+00:00,1822,15.81,-0.016179,-0.032436,False,13.99,-0.027797,-1.82,contango(short-cheap),1
2026-09-29T09:58:16,2026-09-29,2026-09-29T14:14:29+00:00,1684,15.89,-0.011201,-0.02754,False,14.17,-0.015288,-1.72,contango(short-cheap),1
2026-09-29T10:19:16,2026-09-29,2026-09-29T14:35:14+00:00,1245,15.83,-0.014935,-0.031212,False,14.08,-0.021543,-1.75,contango(short-cheap),1
2026-09-29T10:43:16,2026-09-29,2026-09-29T14:58:49+00:00,1415,15.93,-0.008712,-0.025092,False,14.17,-0.015288,-1.76,contango(short-cheap),1
2026-09-29T11:06:16,2026-09-29,2026-09-29T15:21:49+00:00,1380,16.04,-0.001867,-0.01836,False,14.32,-0.004864,-1.72,contango(short-cheap),1
2026-09-29T11:29:31,2026-09-29,2026-09-29T15:45:17+00:00,1408,16.39,0.019913,0.00306,False,14.81,0.029187,-1.58,contango(short-cheap),1
2026-09-29T11:44:31,2026-09-29,2026-09-29T16:00:39+00:00,922,16.17,0.006223,-0.010404,False,14.45,0.00417,-1.72,contango(short-cheap),1
2026-09-29T12:16:31,2026-09-29,2026-09-29T16:32:38+00:00,1919,16.27,0.012446,-0.004284,False,14.65,0.018068,-1.62,contango(short-cheap),1
2026-09-29T12:42:31,2026-09-29,2026-09-29T16:57:57+00:00,1519,16.24,0.010579,-0.00612,False,14.57,0.012509,-1.67,contango(short-cheap),1
2026-09-29T13:01:31,2026-09-29,2026-09-29T17:17:09+00:00,1152,16.36,0.018046,0.001224,False,14.72,0.022933,-1.64,contango(short-cheap),1
2026-09-29T13:28:31,2026-09-29,2026-09-29T17:44:12+00:00,1623,16.32,0.015557,-0.001224,False,14.67,0.019458,-1.65,contango(short-cheap),1
2026-09-29T13:44:31,2026-09-29,2026-09-29T17:59:58+00:00,946,16.26,0.011823,-0.004896,False,14.56,0.011814,-1.7,contango(short-cheap),1
2026-09-29T14:09:31,2026-09-29,2026-09-29T18:24:54+00:00,1496,16.27,0.012446,-0.004284,False,14.56,0.011814,-1.71,contango(short-cheap),1
2026-09-29T14:31:31,2026-09-29,2026-09-29T18:47:14+00:00,1340,16.19,0.007467,-0.00918,False,14.39,0.0,-1.8,unreliable(vix9d-stale),1
2026-09-29T14:57:31,2026-09-29,2026-09-29T19:13:23+00:00,1569,16.02,-0.003111,-0.019584,False,14.12,-0.018763,-1.9,contango(short-cheap),1
2026-09-29T15:17:31,2026-09-29,2026-09-29T19:32:43+00:00,1160,16.05,-0.001245,-0.017748,False,14.11,-0.019458,-1.94,contango(short-cheap),1
2026-09-29T15:40:31,2026-09-29,2026-09-29T19:56:03+00:00,1400,16.03,-0.002489,-0.018972,False,14.07,-0.022238,-1.96,contango(short-cheap),1
2026-09-29T16:00:31,2026-09-29,2026-09-29T20:15:47+00:00,1184,16.0,-0.004356,-0.020808,False,14.18,-0.014593,-1.82,contango(short-cheap),1
2026-09-29T16:15:01,2026-09-29,2026-09-29T20:43:34+00:00,1667,16.04,-0.001867,-0.01836,False,14.21,-0.012509,-1.83,contango(short-cheap),1
2026-09-29T16:15:01,2026-09-29,2026-09-30T13:16:54+00:00,59600,15.81,-0.014339,0.040132,False,14.21,0.0,-1.6,unreliable(vix9d-stale),1
2026-09-29T16:15:01,2026-09-29,2026-09-30T13:44:00+00:00,1626,15.91,-0.008105,0.046711,False,14.21,0.0,-1.7,unreliable(vix9d-stale),1
2026-09-30T09:44:16,2026-09-30,2026-09-30T14:00:25+00:00,985,15.74,-0.018703,0.035526,False,13.68,-0.037298,-2.06,contango(short-cheap),1
2026-09-30T10:09:16,2026-09-30,2026-09-30T14:24:43+00:00,1458,15.68,-0.022444,0.031579,False,13.61,-0.042224,-2.07,contango(short-cheap),1
2026-09-30T10:32:16,2026-09-30,2026-09-30T14:47:45+00:00,1382,15.89,-0.009352,0.045395,False,13.82,-0.027445,-2.07,contango(short-cheap),1
2026-09-30T11:02:16,2026-09-30,2026-09-30T15:17:38+00:00,1793,15.84,-0.012469,0.042105,False,13.67,-0.038001,-2.17,contango(short-cheap),1
2026-09-30T11:31:31,2026-09-30,2026-09-30T15:46:38+00:00,1740,15.87,-0.010599,0.044079,False,13.73,-0.033779,-2.14,contango(short-cheap),1
2026-09-30T11:59:31,2026-09-30,2026-09-30T16:15:39+00:00,1741,15.87,-0.010599,0.044079,False,13.7,-0.03589,-2.17,contango(short-cheap),1
2026-09-30T12:28:31,2026-09-30,2026-09-30T16:44:29+00:00,1730,15.88,-0.009975,0.044737,False,13.66,-0.038705,-2.22,contango(short-cheap),1
2026-09-30T12:43:31,2026-09-30,2026-09-30T16:59:21+00:00,892,15.87,-0.010599,0.044079,False,13.6,-0.042928,-2.27,contango(short-cheap),1
2026-09-30T13:04:31,2026-09-30,2026-09-30T17:20:28+00:00,1267,15.84,-0.012469,0.042105,False,13.56,-0.045742,-2.28,contango(short-cheap),1
2026-09-30T13:27:31,2026-09-30,2026-09-30T17:42:57+00:00,1349,16.08,0.002494,0.057895,False,13.97,-0.01689,-2.11,contango(short-cheap),1
2026-09-30T13:41:31,2026-09-30,2026-09-30T17:57:36+00:00,879,15.87,-0.010599,0.044079,False,13.62,-0.04152,-2.25,contango(short-cheap),1
2026-09-30T14:04:31,2026-09-30,2026-09-30T18:20:39+00:00,1383,15.85,-0.011845,0.042763,False,13.56,-0.045742,-2.29,contango(short-cheap),1
2026-09-30T14:31:31,2026-09-30,2026-09-30T18:47:19+00:00,1600,15.9,-0.008728,0.046053,False,13.61,-0.042224,-2.29,contango(short-cheap),1
2026-09-30T14:58:31,2026-09-30,2026-09-30T19:14:27+00:00,1628,16.01,-0.00187,0.053289,False,13.77,-0.030964,-2.24,contango(short-cheap),1
2026-09-30T15:17:31,2026-09-30,2026-09-30T19:32:55+00:00,1108,15.92,-0.007481,0.047368,False,13.62,-0.04152,-2.3,contango(short-cheap),1
2026-09-30T15:39:31,2026-09-30,2026-09-30T19:55:07+00:00,1332,16.14,0.006234,0.061842,False,13.92,-0.020408,-2.22,contango(short-cheap),1
2026-09-30T15:58:31,2026-09-30,2026-09-30T20:14:28+00:00,1161,16.38,0.021197,0.077632,False,14.31,0.007037,-2.07,contango(short-cheap),1
2026-09-30T16:15:01,2026-09-30,2026-09-30T20:33:28+00:00,1140,16.34,0.018703,0.075,False,14.2,-0.000704,-2.14,contango(short-cheap),1
2026-09-30T16:15:01,2026-09-30,2026-10-01T13:17:44+00:00,60256,16.43,0.005508,0.147346,False,14.2,0.0,-2.23,unreliable(vix9d-stale),1
2026-10-01T09:32:16,2026-10-01,2026-10-01T13:46:10+00:00,1706,16.7,0.022032,0.166201,False,14.74,0.038028,-1.96,contango(short-cheap),1
2026-10-01T10:00:16,2026-10-01,2026-10-01T14:15:59+00:00,1789,16.98,0.039168,0.185754,False,15.14,0.066197,-1.84,contango(short-cheap),1
2026-10-01T10:30:16,2026-10-01,2026-10-01T14:46:12+00:00,1813,17.22,0.053856,0.202514,False,15.44,0.087324,-1.78,contango(short-cheap),1
2026-10-01T10:58:31,2026-10-01,2026-10-01T15:14:08+00:00,1676,17.23,0.054468,0.203212,False,15.37,0.082394,-1.86,contango(short-cheap),1
2026-10-01T11:19:31,2026-10-01,2026-10-01T15:35:19+00:00,1271,17.14,0.04896,0.196927,False,15.23,0.072535,-1.91,contango(short-cheap),1
2026-10-01T11:41:31,2026-10-01,2026-10-01T15:57:28+00:00,1329,17.22,0.053856,0.202514,False,15.29,0.076761,-1.93,contango(short-cheap),1
2026-10-01T12:01:31,2026-10-01,2026-10-01T16:17:43+00:00,1215,17.04,0.04284,0.189944,False,15.07,0.061268,-1.97,contango(short-cheap),1
2026-10-01T12:28:31,2026-10-01,2026-10-01T16:43:39+00:00,1556,16.95,0.037332,0.183659,False,14.85,0.045775,-2.1,contango(short-cheap),1
2026-10-01T12:44:31,2026-10-01,2026-10-01T16:59:47+00:00,968,16.83,0.029988,0.175279,False,14.67,0.033099,-2.16,contango(short-cheap),1
2026-10-01T13:04:31,2026-10-01,2026-10-01T17:20:48+00:00,1261,16.88,0.033048,0.178771,False,14.61,0.028873,-2.27,contango(short-cheap),1
2026-10-01T13:28:31,2026-10-01,2026-10-01T17:44:43+00:00,1435,16.45,0.006732,0.148743,False,14.22,0.001408,-2.23,contango(short-cheap),1
2026-10-01T13:44:31,2026-10-01,2026-10-01T17:59:55+00:00,912,16.37,0.001836,0.143156,False,14.05,-0.010563,-2.32,contango(short-cheap),1
2026-10-01T14:10:31,2026-10-01,2026-10-01T18:25:51+00:00,1556,16.75,0.025092,0.169693,False,14.5,0.021127,-2.25,contango(short-cheap),1
2026-10-01T14:31:31,2026-10-01,2026-10-01T18:47:46+00:00,1315,16.53,0.011628,0.15433,False,14.23,0.002113,-2.3,contango(short-cheap),1
2026-10-01T14:58:31,2026-10-01,2026-10-01T19:14:32+00:00,1606,16.37,0.001836,0.143156,False,13.94,-0.01831,-2.43,contango(short-cheap),1
2026-10-01T15:17:31,2026-10-01,2026-10-01T19:33:38+00:00,1146,16.31,-0.001836,0.138966,False,13.83,-0.026056,-2.48,contango(short-cheap),1
2026-10-01T15:38:31,2026-10-01,2026-10-01T19:54:45+00:00,1267,16.34,0.0,0.141061,False,13.92,-0.019718,-2.42,contango(short-cheap),1
2026-10-01T15:58:31,2026-10-01,2026-10-01T20:13:53+00:00,1148,16.39,0.00306,0.144553,False,13.97,-0.016197,-2.42,contango(short-cheap),1
2026-10-01T16:15:01,2026-10-01,2026-10-01T20:35:35+00:00,1302,16.39,0.00306,0.144553,False,14.0,-0.014085,-2.39,contango(short-cheap),1
2026-10-01T16:15:01,2026-10-01,2026-10-02T13:15:14+00:00,59979,15.5,-0.054301,0.066758,False,14.0,0.0,-1.5,unreliable(vix9d-stale),1
2026-10-01T16:15:01,2026-10-01,2026-10-02T13:36:49+00:00,1295,15.6,-0.0482,0.073641,False,14.0,0.0,-1.6,unreliable(vix9d-stale),1
2026-10-02T09:42:16,2026-10-02,2026-10-02T13:58:12+00:00,1283,15.72,-0.040879,0.0819,False,12.89,-0.079286,-2.83,contango(short-cheap),1
2026-10-02T10:05:16,2026-10-02,2026-10-02T14:21:09+00:00,1377,15.54,-0.051861,0.069511,False,12.68,-0.094286,-2.86,contango(short-cheap),1
2026-10-02T10:30:16,2026-10-02,2026-10-02T14:46:34+00:00,1525,15.5,-0.054301,0.066758,False,12.47,-0.109286,-3.03,contango(short-cheap),1
2026-10-02T10:59:16,2026-10-02,2026-10-02T15:15:00+00:00,1706,15.53,-0.052471,0.068823,False,12.49,-0.107857,-3.04,contango(short-cheap),1
2026-10-02T11:21:16,2026-10-02,2026-10-02T15:36:59+00:00,1319,15.75,-0.039048,0.083964,False,13.02,-0.07,-2.73,contango(short-cheap),1
2026-10-02T11:42:31,2026-10-02,2026-10-02T15:57:40+00:00,1241,15.53,-0.052471,0.068823,False,12.64,-0.097143,-2.89,contango(short-cheap),1
2026-10-02T12:02:31,2026-10-02,2026-10-02T16:18:34+00:00,1254,15.54,-0.051861,0.069511,False,12.69,-0.093571,-2.85,contango(short-cheap),1
2026-10-02T12:30:31,2026-10-02,2026-10-02T16:45:59+00:00,1645,15.7,-0.042099,0.080523,False,12.83,-0.083571,-2.87,contango(short-cheap),1
2026-10-02T12:57:31,2026-10-02,2026-10-02T17:13:40+00:00,1661,15.71,-0.041489,0.081211,False,12.84,-0.082857,-2.87,contango(short-cheap),1
2026-10-02T13:17:31,2026-10-02,2026-10-02T17:33:37+00:00,1197,15.71,-0.041489,0.081211,False,12.75,-0.089286,-2.96,contango(short-cheap),1
2026-10-02T13:39:31,2026-10-02,2026-10-02T17:55:30+00:00,1313,15.8,-0.035998,0.087405,False,12.93,-0.076429,-2.87,contango(short-cheap),1
2026-10-02T14:01:31,2026-10-02,2026-10-02T18:17:27+00:00,1317,15.63,-0.04637,0.075705,False,12.61,-0.099286,-3.02,contango(short-cheap),1
2026-10-02T14:30:31,2026-10-02,2026-10-02T18:46:38+00:00,1751,15.59,-0.04881,0.072953,False,12.57,-0.102143,-3.02,contango(short-cheap),1
2026-10-02T14:57:31,2026-10-02,2026-10-02T19:13:36+00:00,1618,15.56,-0.050641,0.070888,False,12.53,-0.105,-3.03,contango(short-cheap),1
2026-10-02T15:17:31,2026-10-02,2026-10-02T19:33:13+00:00,1177,15.48,-0.055522,0.065382,False,12.35,-0.117857,-3.13,contango(short-cheap),1
2026-10-02T15:40:31,2026-10-02,2026-10-02T19:56:15+00:00,1382,15.4,-0.060403,0.059876,False,12.16,-0.131429,-3.24,contango(short-cheap),1
2026-10-02T15:57:31,2026-10-02,2026-10-02T20:13:52+00:00,1057,15.42,-0.059182,0.061253,False,12.1,-0.135714,-3.32,contango(short-cheap),1
2026-10-02T16:15:01,2026-10-02,2026-10-02T20:32:21+00:00,1109,15.31,-0.065894,0.053682,False,12.06,-0.138571,-3.25,contango(short-cheap),1
2026-10-02T16:15:01,2026-10-02,2026-10-05T13:18:32+00:00,233171,16.16,0.055519,0.056209,False,12.06,0.0,-4.1,unreliable(vix9d-stale),1
2026-10-05T09:32:16,2026-10-05,2026-10-05T13:48:02+00:00,1770,15.9,0.038537,0.039216,False,13.69,0.135158,-2.21,contango(short-cheap),1
2026-10-05T10:02:16,2026-10-05,2026-10-05T14:17:58+00:00,1796,15.81,0.032658,0.033333,False,13.35,0.106965,-2.46,contango(short-cheap),1
2026-10-05T10:32:16,2026-10-05,2026-10-05T14:48:02+00:00,1804,15.62,0.020248,0.020915,False,13.12,0.087894,-2.5,contango(short-cheap),1
2026-10-05T11:00:16,2026-10-05,2026-10-05T15:16:39+00:00,1717,15.52,0.013717,0.014379,False,13.0,0.077944,-2.52,contango(short-cheap),1
2026-10-05T11:31:16,2026-10-05,2026-10-05T15:47:10+00:00,1831,15.58,0.017636,0.018301,False,12.98,0.076285,-2.6,contango(short-cheap),1
2026-10-05T11:58:16,2026-10-05,2026-10-05T16:14:12+00:00,1622,15.56,0.016329,0.016993,False,13.01,0.078773,-2.55,contango(short-cheap),1
2026-10-05T12:21:31,2026-10-05,2026-10-05T16:37:17+00:00,1385,15.53,0.01437,0.015033,False,12.96,0.074627,-2.57,contango(short-cheap),1
2026-10-05T12:43:31,2026-10-05,2026-10-05T16:58:41+00:00,1284,15.49,0.011757,0.012418,False,12.9,0.069652,-2.59,contango(short-cheap),1
2026-10-05T13:02:31,2026-10-05,2026-10-05T17:18:34+00:00,1193,15.49,0.011757,0.012418,False,12.84,0.064677,-2.65,contango(short-cheap),1
2026-10-05T13:29:31,2026-10-05,2026-10-05T17:45:15+00:00,1601,15.52,0.013717,0.014379,False,12.93,0.072139,-2.59,contango(short-cheap),1
2026-10-05T13:45:31,2026-10-05,2026-10-05T18:01:26+00:00,971,15.55,0.015676,0.01634,False,12.95,0.073798,-2.6,contango(short-cheap),1
2026-10-05T14:21:31,2026-10-05,2026-10-05T18:36:49+00:00,2123,15.61,0.019595,0.020261,False,13.01,0.078773,-2.6,contango(short-cheap),1
2026-10-05T16:15:01,2026-10-05,2026-10-06T13:15:36+00:00,67127,15.31,-0.013531,-0.026081,False,12.85,0.0,-2.46,unreliable(vix9d-stale),1
2026-10-06T14:41:31,2026-10-06,2026-10-06T18:57:04+00:00,20488,15.04,-0.030928,-0.043257,False,12.18,-0.05214,-2.86,contango(short-cheap),1
2026-10-06T16:15:01,2026-10-06,2026-10-06T22:57:09+00:00,14405,15.01,-0.032861,-0.045165,False,12.03,-0.063813,-2.98,contango(short-cheap),1
2026-10-07T15:02:31,2026-10-07,2026-10-07T19:18:31+00:00,73282,15.08,0.004664,-0.08384,False,11.71,-0.0266,-3.37,contango(short-cheap),1
2026-10-07T16:15:01,2026-10-07,2026-10-08T13:07:02+00:00,64111,15.7,0.041114,-0.119955,False,11.78,0.0,-3.92,unreliable(vix9d-stale),1
2026-10-07T16:15:01,2026-10-07,2026-10-08T13:22:01+00:00,899,15.6,0.034483,-0.125561,False,11.78,0.0,-3.82,unreliable(vix9d-stale),1
2026-10-07T16:15:01,2026-10-07,2026-10-08T13:37:01+00:00,900,15.51,0.028515,-0.130605,False,11.78,0.0,-3.73,unreliable(vix9d-stale),1
2026-10-08T09:36:16,2026-10-08,2026-10-08T13:52:01+00:00,900,15.34,0.017241,-0.140135,False,12.23,0.0382,-3.11,contango(short-cheap),1
2026-10-08T09:51:16,2026-10-08,2026-10-08T14:07:01+00:00,900,15.43,0.02321,-0.13509,False,12.23,0.0382,-3.2,contango(short-cheap),1
2026-10-08T10:06:16,2026-10-08,2026-10-08T14:22:01+00:00,900,15.4,0.02122,-0.136771,False,12.17,0.033107,-3.23,contango(short-cheap),1
2026-10-08T10:21:16,2026-10-08,2026-10-08T14:37:01+00:00,900,15.34,0.017241,-0.140135,False,12.07,0.024618,-3.27,contango(short-cheap),1
2026-10-08T10:36:16,2026-10-08,2026-10-08T14:52:01+00:00,900,15.28,0.013263,-0.143498,False,11.99,0.017827,-3.29,contango(short-cheap),1
2026-10-08T10:51:16,2026-10-08,2026-10-08T15:07:01+00:00,900,15.36,0.018568,-0.139013,False,12.06,0.023769,-3.3,contango(short-cheap),1
2026-10-08T11:06:16,2026-10-08,2026-10-08T15:22:01+00:00,900,15.44,0.023873,-0.134529,False,12.2,0.035654,-3.24,contango(short-cheap),1
2026-10-08T11:21:16,2026-10-08,2026-10-08T15:37:01+00:00,900,15.58,0.033156,-0.126682,False,12.46,0.057725,-3.12,contango(short-cheap),1
