capture_ts,table,sector_etf,side,rank,ticker,score,failed_gates,spot,atm_spread_pct,atm_oi,adv_usd_20d,rel_strength_20d,rel_strength_60d,n_names_in_sector,n_in_table,n_quality_passed,trade_quality,grade,tq_conviction,tq_momentum,tq_execution,tq_event_carry,dividend_yield,next_filing_est,schema_version
2026-10-10T11:50:22.765016+00:00,stock,XLF,long,1,MA,1.534,,589.5,0.1166,205.0,1433724814.0,0.0791,0.1038,30,20,5,,,,,,,,,1
2026-10-10T11:50:22.765016+00:00,stock,XLF,long,2,SPGI,0.6557,,407.57,0.1313,46.0,643422853.0,0.037,-0.0728,30,20,5,,,,,,,,,1
2026-10-10T11:50:22.765016+00:00,stock,XLF,long,3,ICE,0.4482,,156.19,0.1011,41.0,410797566.0,0.0363,0.1374,30,20,5,,,,,,,,,1
2026-10-10T11:50:22.765016+00:00,stock,XLF,short,1,MRSH,-2.7971,compressing_gross_margin;compressing_operating_margin;filing_estimated_in_window,175.76,0.1624,20.0,497847974.0,0.0375,0.0005,30,20,5,,,,,,,,,1
2026-10-10T11:50:22.765016+00:00,stock,XLF,short,2,BLK,-1.998,compressing_gross_margin;compressing_operating_margin;filing_estimated_in_window,1083.2,0.1243,28.0,556256733.0,0.0466,0.0313,30,20,5,,,,,,,,,1
2026-10-10T11:50:22.765016+00:00,stock,XLF,short,3,KKR,-1.2415,compressing_operating_margin,90.95,0.0951,38.0,398433048.0,-0.0562,-0.0792,30,20,5,,,,,,,,,1
2026-10-10T11:50:22.765016+00:00,stock,XLK,long,1,STX,1.1858,,780.5,0.1012,150.0,3238015208.0,-0.116,-0.0694,30,6,3,,,,,,,,,1
2026-10-10T11:50:22.765016+00:00,stock,XLK,long,2,KLAC,0.8168,,195.86,0.1168,188.0,1648719930.0,0.0235,-0.2283,30,6,3,,,,,,,,,1
2026-10-10T11:50:22.765016+00:00,stock,XLK,long,3,ADI,0.6851,,408.63,0.1005,114.0,1065431828.0,0.0132,-0.0523,30,6,3,,,,,,,,,1
2026-10-10T11:50:22.765016+00:00,stock,XLK,short,1,TXN,-1.3462,compressing_gross_margin;filing_estimated_in_window,284.3,0.084,86.0,1346350846.0,-0.0032,-0.1454,30,6,3,,,,,,,,,1
2026-10-10T11:50:22.765016+00:00,stock,XLK,short,2,PANW,-1.2519,compressing_gross_margin;compressing_operating_margin,418.78,0.1901,473.0,2052307575.0,0.2073,0.0633,30,6,3,,,,,,,,,1
2026-10-10T11:50:22.765016+00:00,stock,XLK,short,3,ACN,-0.293,compressing_gross_margin,208.94,0.1364,948.0,1074804022.0,0.0776,0.3259,30,6,3,,,,,,,,,1
2026-10-10T11:50:22.765016+00:00,stock,XLP,long,1,MNST,0.8672,,43.64,0.1312,90.0,402858860.0,0.0049,-0.0989,30,23,6,,,,,,,,,1
2026-10-10T11:50:22.765016+00:00,stock,XLP,long,2,COST,0.3608,,945.0,0.1128,209.0,1963297330.0,0.046,0.0292,30,23,6,,,,,,,,,1
2026-10-10T11:50:22.765016+00:00,stock,XLP,long,3,EL,-0.0343,,98.05,0.1212,53.0,260537243.0,0.009,0.2113,30,23,6,,,,,,,,,1
2026-10-10T11:50:22.765016+00:00,stock,XLP,short,1,BG,-4.3798,negative_fcf;compressing_gross_margin;compressing_operating_margin;net_debt_over_3x_ebitda,103.91,0.2523,21.0,190258799.0,-0.1614,-0.0854,30,23,6,,,,,,,,,1
2026-10-10T11:50:22.765016+00:00,stock,XLP,short,2,GIS,-3.713,compressing_gross_margin;compressing_operating_margin;net_debt_over_3x_ebitda,32.36,0.1603,717.0,368761096.0,-0.0999,-0.1379,30,23,6,,,,,,,,,1
2026-10-10T11:50:22.765016+00:00,stock,XLP,short,3,KHC,-3.4848,compressing_gross_margin;compressing_operating_margin;net_debt_over_3x_ebitda,22.27,0.1455,576.0,342562930.0,-0.0953,-0.1232,30,23,6,,,,,,,,,1
2026-10-10T11:50:22.765016+00:00,stock,XLV,long,1,LLY,1.6248,,1177.9,0.1065,164.0,2445346160.0,0.024,-0.047,30,22,8,,,,,,,,,1
2026-10-10T11:50:22.765016+00:00,stock,XLV,long,2,VRTX,1.032,,510.0,0.294,22.0,463733585.0,-0.0434,-0.0062,30,22,8,,,,,,,,,1
2026-10-10T11:50:22.765016+00:00,stock,XLV,long,3,GILD,0.6409,,151.2,0.273,678.0,774128845.0,0.0189,0.0534,30,22,8,,,,,,,,,1
2026-10-10T11:50:22.765016+00:00,stock,XLV,short,1,CVS,-3.8334,compressing_gross_margin;compressing_operating_margin;net_debt_over_3x_ebitda,86.16,0.1517,748.0,706023221.0,-0.1228,-0.2467,30,22,8,,,,,,,,,1
2026-10-10T11:50:22.765016+00:00,stock,XLV,short,2,ELV,-2.2061,compressing_operating_margin;filing_estimated_in_window,412.7,0.2083,85.0,469793510.0,-0.0473,0.0512,30,22,8,,,,,,,,,1
2026-10-10T11:50:22.765016+00:00,stock,XLV,short,3,CI,-2.132,compressing_gross_margin;compressing_operating_margin,282.43,0.0819,67.0,432171416.0,-0.027,-0.0606,30,22,8,,,,,,,,,1
2026-10-10T12:26:16.321783+00:00,stock,XLF,long,1,MA,1.534,,589.5,0.1166,205.0,1433724814.0,0.0791,0.1038,30,20,5,97.1,A,1.0,0.957,0.91,1.0,0.0059,2026-10-29,2
2026-10-10T12:26:16.321783+00:00,stock,XLF,long,2,SPGI,0.6557,,407.57,0.1313,46.0,643422853.0,0.037,-0.0728,30,20,5,67.2,B,0.602,0.411,0.693,1.0,0.0095,2026-10-27,2
2026-10-10T12:26:16.321783+00:00,stock,XLF,long,3,ICE,0.4482,,156.19,0.1011,41.0,410797566.0,0.0363,0.1374,30,20,5,74.0,B,0.475,0.934,0.571,1.0,0.0133,2026-10-29,2
2026-10-10T12:26:16.321783+00:00,stock,XLF,short,1,MRSH,-2.7971,compressing_gross_margin;compressing_operating_margin;filing_estimated_in_window,175.76,0.1624,20.0,497847974.0,0.0375,0.0005,30,20,5,61.6,B,1.0,0.405,0.623,0.359,0.0225,2026-10-15,2
2026-10-10T12:26:16.321783+00:00,stock,XLF,short,2,BLK,-1.998,compressing_gross_margin;compressing_operating_margin;filing_estimated_in_window,1083.2,0.1243,28.0,556256733.0,0.0466,0.0313,30,20,5,59.9,C,1.0,0.305,0.653,0.368,0.0212,2026-10-14,2
2026-10-10T12:26:16.321783+00:00,stock,XLF,short,3,KKR,-1.2415,compressing_operating_margin,90.95,0.0951,38.0,398433048.0,-0.0562,-0.0792,30,20,5,72.6,B,0.559,0.839,0.563,0.946,0.0086,2026-11-09,2
2026-10-10T12:26:16.321783+00:00,stock,XLK,long,1,STX,1.1858,,780.5,0.1012,150.0,3238015208.0,-0.116,-0.0694,30,6,3,51.2,C,0.178,0.036,1.0,1.0,0.0038,2026-10-27,2
2026-10-10T12:26:16.321783+00:00,stock,XLK,long,2,KLAC,0.8168,,195.86,0.1168,188.0,1648719930.0,0.0235,-0.2283,30,6,3,46.2,C,0.074,0.0,0.948,1.0,0.0047,2026-10-28,2
2026-10-10T12:26:16.321783+00:00,stock,XLK,long,3,ADI,0.6851,,408.63,0.1005,114.0,1065431828.0,0.0132,-0.0523,30,6,3,52.7,C,0.037,0.402,0.829,1.0,0.0108,2026-11-24,2
2026-10-10T12:26:16.321783+00:00,stock,XLK,short,1,TXN,-1.3462,compressing_gross_margin;filing_estimated_in_window,284.3,0.084,86.0,1346350846.0,-0.0032,-0.1454,30,6,3,64.9,B,0.537,0.872,0.893,0.366,0.0214,2026-10-21,2
2026-10-10T12:26:16.321783+00:00,stock,XLK,short,2,PANW,-1.2519,compressing_gross_margin;compressing_operating_margin,418.78,0.1901,473.0,2052307575.0,0.2073,0.0633,30,6,3,60.3,B,0.511,0.0,1.0,1.0,0.0,2026-11-19,2
2026-10-10T12:26:16.321783+00:00,stock,XLK,short,3,ACN,-0.293,compressing_gross_margin,208.94,0.1364,948.0,1074804022.0,0.0776,0.3259,30,6,3,43.7,D,0.24,0.0,0.832,0.796,0.0327,2026-12-17,2
2026-10-10T12:26:16.321783+00:00,stock,XLP,long,1,MNST,0.8672,,43.64,0.1312,90.0,402858860.0,0.0049,-0.0989,30,23,6,68.8,B,0.861,0.265,0.566,1.0,0.0,2026-11-05,2
2026-10-10T12:26:16.321783+00:00,stock,XLP,long,2,COST,0.3608,,945.0,0.1128,209.0,1963297330.0,0.046,0.0292,30,23,6,82.6,A,0.682,0.688,0.995,1.0,0.0062,2026-12-10,2
2026-10-10T12:26:16.321783+00:00,stock,XLP,long,3,EL,-0.0343,,98.05,0.1212,53.0,260537243.0,0.009,0.2113,30,23,6,75.2,A,0.543,1.0,0.447,1.0,0.0143,2026-11-02,2
2026-10-10T12:26:16.321783+00:00,stock,XLP,short,1,BG,-4.3798,negative_fcf;compressing_gross_margin;compressing_operating_margin;net_debt_over_3x_ebitda,103.91,0.2523,21.0,190258799.0,-0.1614,-0.0854,30,23,6,82.5,A,0.989,1.0,0.362,0.825,0.028,2026-10-29,2
2026-10-10T12:26:16.321783+00:00,stock,XLP,short,2,GIS,-3.713,compressing_gross_margin;compressing_operating_margin;net_debt_over_3x_ebitda,32.36,0.1603,717.0,368761096.0,-0.0999,-0.1379,30,23,6,71.7,B,0.754,1.0,0.542,0.528,0.0756,2026-12-23,2
2026-10-10T12:26:16.321783+00:00,stock,XLP,short,3,KHC,-3.4848,compressing_gross_margin;compressing_operating_margin;net_debt_over_3x_ebitda,22.27,0.1455,576.0,342562930.0,-0.0953,-0.1232,30,23,6,69.4,B,0.674,1.0,0.522,0.551,0.0718,2026-10-28,2
2026-10-10T12:26:16.321783+00:00,stock,XLV,long,1,LLY,1.6248,,1177.9,0.1065,164.0,2445346160.0,0.024,-0.047,30,22,8,85.6,A,0.984,0.442,1.0,1.0,0.0059,2026-10-29,2
2026-10-10T12:26:16.321783+00:00,stock,XLV,long,2,VRTX,1.032,,510.0,0.294,22.0,463733585.0,-0.0434,-0.0062,30,22,8,69.4,B,0.763,0.376,0.604,1.0,0.0,2026-11-02,2
2026-10-10T12:26:16.321783+00:00,stock,XLV,long,3,GILD,0.6409,,151.2,0.273,678.0,774128845.0,0.0189,0.0534,30,22,8,75.4,A,0.617,0.681,0.743,1.0,0.0217,2026-10-29,2
2026-10-10T12:26:16.321783+00:00,stock,XLV,short,1,CVS,-3.8334,compressing_gross_margin;compressing_operating_margin;net_debt_over_3x_ebitda,86.16,0.1517,748.0,706023221.0,-0.1228,-0.2467,30,22,8,89.5,A,1.0,1.0,0.718,0.807,0.0309,2026-11-04,2
2026-10-10T12:26:16.321783+00:00,stock,XLV,short,2,ELV,-2.2061,compressing_operating_margin;filing_estimated_in_window,412.7,0.2083,85.0,469793510.0,-0.0473,0.0512,30,22,8,47.6,C,0.442,0.49,0.607,0.396,0.0167,2026-10-21,2
2026-10-10T12:26:16.321783+00:00,stock,XLV,short,3,CI,-2.132,compressing_gross_margin;compressing_operating_margin,282.43,0.0819,67.0,432171416.0,-0.027,-0.0606,30,22,8,63.7,B,0.415,0.719,0.585,0.862,0.0221,2026-11-05,2
