capture_ts,sector_etf,ticker,spot,atm_oi,atm_spread_pct,chain_contracts,mom_20d,mom_60d,sector_mom_20d,sector_mom_60d,rel_strength_20d,rel_strength_60d,schema_version
2026-10-07T01:08:22.989715+00:00,XLE,XOM,164.51,1057.0,0.09719284994964758,1186,0.023776870274842432,0.13819114234177388,-0.01574798048373216,0.12354596605860779,0.03952485075857459,0.014645176283166084,1
2026-10-07T01:08:23.804162+00:00,XLE,CVX,207.58,313.0,0.15973276647433948,1198,-0.010581511860871862,0.1392975044342193,-0.01574798048373216,0.12354596605860779,0.0051664686228602985,0.015751538375611496,1
2026-10-07T01:08:24.528037+00:00,XLE,COP,129.35,122.0,0.1753005464480874,1410,-0.04213557068653595,0.14621185513953128,-0.01574798048373216,0.12354596605860779,-0.02638759020280379,0.022665889080923485,1
2026-10-07T01:08:25.276583+00:00,XLE,MPC,432.36,52.0,0.05688193085453351,1172,0.0869597940851734,0.4563459250892563,-0.01574798048373216,0.12354596605860779,0.10270777456890556,0.3327999590306485,1
2026-10-07T01:08:26.020146+00:00,XLE,VLO,419.22,51.0,0.12168814073158093,1970,0.09499802673988644,0.41728925626315005,-0.01574798048373216,0.12354596605860779,0.1107460072236186,0.29374329020454226,1
2026-10-07T01:08:26.716131+00:00,XLE,PSX,269.79,59.0,0.17063492063492058,1662,0.05735232699377857,0.4319388423588715,-0.01574798048373216,0.12354596605860779,0.07310030747751073,0.3083928763002637,1
2026-10-07T01:08:27.359610+00:00,XLE,WMB,72.39,20.0,0.24540463117689182,764,-0.04536466251273996,-0.02780015740365327,-0.01574798048373216,0.12354596605860779,-0.0296166820290078,-0.15134612346226106,1
2026-10-07T01:08:28.115571+00:00,XLE,EOG,144.28,3.0,0.22002200220021995,1194,-0.007429841954594618,0.03345031264614895,-0.01574798048373216,0.12354596605860779,0.008318138529137542,-0.09009565341245884,1
2026-10-07T01:08:28.817169+00:00,XLE,SLB,50.0,208.0,0.12719409104951268,846,-0.12434323404297398,0.05574322963736211,-0.01574798048373216,0.12354596605860779,-0.10859525355924182,-0.06780273642124568,1
2026-10-07T01:08:29.473196+00:00,XLE,TRGP,285.72,35.0,0.1318342229867527,590,-0.029120959174224192,0.02261992649348543,-0.01574798048373216,0.12354596605860779,-0.013372978690492032,-0.10092603956512236,1
2026-10-07T01:08:30.164355+00:00,XLE,KMI,32.0,392.0,0.1644401523686893,612,0.005628527446914111,-0.0024814462434759044,-0.01574798048373216,0.12354596605860779,0.02137650793064627,-0.1260274123020837,1
2026-10-07T01:08:30.821718+00:00,XLE,BKR,57.3,141.0,0.19879440810568166,324,-0.1062264908532008,-0.009191792936167675,-0.01574798048373216,0.12354596605860779,-0.09047851036946863,-0.13273775899477547,1
2026-10-07T01:08:31.514815+00:00,XLE,OKE,89.23,209.0,0.19433962264150947,432,-0.08491435337811759,-0.03210759308043143,-0.01574798048373216,0.12354596605860779,-0.06916637289438543,-0.15565355913903922,1
2026-10-07T01:08:32.260661+00:00,XLE,DVN,48.0213,270.0,0.2110912343470483,944,-0.007851261490395833,0.09810201144374298,-0.01574798048373216,0.12354596605860779,0.007896718993336327,-0.025443954614864817,1
2026-10-07T01:08:32.909282+00:00,XLE,OXY,58.42,141.0,0.18597019007247373,928,-0.038252261112216024,0.06422186406802344,-0.01574798048373216,0.12354596605860779,-0.022504280628483864,-0.059324101990584355,1
2026-10-07T01:08:33.594980+00:00,XLE,FANG,184.98,51.0,0.177338355304457,732,-0.0759963823756622,0.0037624867424761455,-0.01574798048373216,0.12354596605860779,-0.06024840189193004,-0.11978347931613165,1
2026-10-07T01:08:34.296114+00:00,XLE,EQT,52.48,589.0,0.1933427097984061,782,-0.048076882484275996,0.055309733155334495,-0.01574798048373216,0.12354596605860779,-0.032328902000543835,-0.0682362329032733,1
2026-10-07T01:08:35.072197+00:00,XLE,HAL,32.72,205.0,0.1876750700280112,706,-0.11086951361261277,-0.07071848703533767,-0.01574798048373216,0.12354596605860779,-0.09512153312888061,-0.19426445309394547,1
2026-10-07T01:08:35.736641+00:00,XLE,EXE,88.23,26.0,0.46875,988,-0.11725056610713103,-0.009398277304575542,-0.01574798048373216,0.12354596605860779,-0.10150258562339887,-0.13294424336318333,1
2026-10-07T01:08:36.312818+00:00,XLE,TPL,355.16,54.0,0.1785379568884724,328,-0.07001830495347683,-0.13146827741441824,-0.01574798048373216,0.12354596605860779,-0.05427032446974467,-0.25501424347302604,1
2026-10-07T01:08:37.029622+00:00,XLE,APA,44.06,54.0,0.1932813074212586,696,0.012629144585437846,0.2719931007559857,-0.01574798048373216,0.12354596605860779,0.028377125069170006,0.1484471346973779,1
2026-10-07T01:08:37.713714+00:00,XLF,BRK.B,505.99,346.0,0.24191417527034292,2040,-0.0005732717218067673,0.017490192884481504,-0.05741711970912966,-0.03673981424118278,0.05684384798732289,0.05423000712566428,1
2026-10-07T01:08:38.458777+00:00,XLF,JPM,331.99,398.0,0.14719334719334723,1834,-0.06288368185406257,-0.009715122744923588,-0.05741711970912966,-0.03673981424118278,-0.005466562144932907,0.02702469149625919,1
2026-10-07T01:08:39.183584+00:00,XLF,V,370.63,299.0,0.09148467352801713,2222,0.005425347006638326,0.036030788674877634,-0.05741711970912966,-0.03673981424118278,0.06284246671576799,0.07277060291606041,1
2026-10-07T01:08:39.933054+00:00,XLF,MA,566.58,26.0,0.3367653367653367,2358,-0.007549611042414028,0.05371025521139994,-0.05741711970912966,-0.03673981424118278,0.04986750866671563,0.09045006945258272,1
2026-10-07T01:08:40.636268+00:00,XLF,BAC,54.21,1317.0,0.09700093720712286,1112,-0.1330341291594508,-0.0909243671833968,-0.05741711970912966,-0.03673981424118278,-0.07561700945032113,-0.054184552942214026,1
2026-10-07T01:08:41.675225+00:00,XLF,GS,899.75,235.0,0.1328227666486314,6650,-0.13443897685783512,-0.1422015628911678,-0.05741711970912966,-0.03673981424118278,-0.07702185714870546,-0.10546174864998503,1
2026-10-07T01:08:42.380099+00:00,XLF,WFC,81.7,196.0,0.13179830580485544,1162,-0.07332875188013488,-0.07026344429532394,-0.05741711970912966,-0.03673981424118278,-0.01591163217100522,-0.03352363005414116,1
2026-10-07T01:08:43.110679+00:00,XLF,MS,191.5817,136.0,0.11918224020949893,1368,-0.11662967341859598,-0.1360079269234501,-0.05741711970912966,-0.03673981424118278,-0.05921255370946632,-0.09926811268226732,1
2026-10-07T01:08:43.987243+00:00,XLF,C,128.77,103.0,0.15778837604074045,1484,-0.060114091637315736,-0.08663209338191946,-0.05741711970912966,-0.03673981424118278,-0.002696971928186076,-0.049892279140736684,1
2026-10-07T01:08:44.662034+00:00,XLF,SCHW,96.8,251.0,0.09523809523809527,1148,-0.09422662520841263,-0.05450277741117904,-0.05741711970912966,-0.03673981424118278,-0.03680950549928297,-0.01776296316999626,1
2026-10-07T01:08:45.452333+00:00,XLF,AXP,305.4,76.0,0.12251202612648399,1724,-0.06608407821895634,-0.14073302461296155,-0.05741711970912966,-0.03673981424118278,-0.008666958509826683,-0.10399321037177878,1
2026-10-07T01:08:46.199469+00:00,XLF,BLK,1079.42,24.0,0.16015651352627674,2806,-0.014561245280567126,0.04639573329041702,-0.05741711970912966,-0.03673981424118278,0.042855874428562535,0.0831355475315998,1
2026-10-07T01:08:46.931060+00:00,XLF,PGR,212.0,12.0,0.22641509433962265,1288,-0.013261940091535696,-0.0956584488420259,-0.05741711970912966,-0.03673981424118278,0.044155179617593965,-0.05891863460084312,1
2026-10-07T01:08:47.617342+00:00,XLF,COF,195.82,94.0,0.15865168539325852,1238,-0.08478219676776977,-0.035464470479369625,-0.05741711970912966,-0.03673981424118278,-0.027365077058640108,0.0012753437618131525,1
2026-10-07T01:08:48.420091+00:00,XLF,SPGI,396.8,16.0,0.30184772220452377,2328,-0.07728679244478276,-0.09526309109250408,-0.05741711970912966,-0.03673981424118278,-0.0198696727356531,-0.058523276851321304,1
2026-10-07T01:08:49.134243+00:00,XLF,CB,334.21,55.0,0.13247542730825398,974,-0.0072184621186436315,-0.057873370199206464,-0.05741711970912966,-0.03673981424118278,0.05019865759048603,-0.021133555958023686,1
2026-10-07T01:08:49.811184+00:00,XLF,BNY,143.73,60.0,0.27150874876196773,502,-0.11740871758901206,-0.0498447037215729,-0.05741711970912966,-0.03673981424118278,-0.0599915978798824,-0.013104889480390125,1
2026-10-07T01:08:50.634749+00:00,XLF,CME,270.89,129.0,0.24352641007545733,1208,-0.028932961911655286,0.10232552406250583,-0.05741711970912966,-0.03673981424118278,0.028484157797474374,0.1390653383036886,1
2026-10-07T01:08:51.128372+00:00,XLF,USB,57.29,505.0,0.09685741088180111,870,-0.08321332410415505,-0.0810073664533173,-0.05741711970912966,-0.03673981424118278,-0.02579620439502539,-0.04426755221213452,1
2026-10-07T01:08:51.860843+00:00,XLF,PNC,220.4239,44.0,0.1702386380908953,1332,-0.09365608520448387,-0.129286144561227,-0.05741711970912966,-0.03673981424118278,-0.036238965495354214,-0.09254633032004422,1
2026-10-07T01:08:52.410824+00:00,XLF,HOOD,112.28,389.0,0.021583013081790385,1982,-0.06551469953331424,0.0191122565537023,-0.05741711970912966,-0.03673981424118278,-0.008097579824184575,0.05585207079488508,1
2026-10-07T01:08:53.098312+00:00,XLF,ICE,153.49,8.0,0.2733931514374657,980,-0.027066361323224153,0.11491252658262407,-0.05741711970912966,-0.03673981424118278,0.030350758385905507,0.15165234082380685,1
2026-10-07T01:08:53.879470+00:00,XLF,BX,113.62,31.0,0.19093166299870215,1420,-0.15384041518666935,-0.07112422353375625,-0.05741711970912966,-0.03673981424118278,-0.0964232954775397,-0.03438440929257347,1
2026-10-07T01:08:54.603310+00:00,XLF,MRSH,171.74,21.0,0.19253304264886228,352,-0.048637262195302844,-0.053930443188265675,-0.05741711970912966,-0.03673981424118278,0.008779857513826816,-0.017190628947082898,1
2026-10-07T01:08:55.287143+00:00,XLF,TRV,360.64,13.0,0.16029117898943762,694,-0.013728570156419484,0.05601594195128046,-0.05741711970912966,-0.03673981424118278,0.043688549552710176,0.09275575619246323,1
2026-10-07T01:08:55.947545+00:00,XLF,MCO,452.32,27.0,0.2606222357785572,414,-0.06011427049512985,-0.08754941053339094,-0.05741711970912966,-0.03673981424118278,-0.002697150786000191,-0.05080959629220816,1
2026-10-07T01:08:56.648007+00:00,XLF,KKR,90.67,8.0,0.22586520947176686,1288,-0.14243833074654555,-0.06438969412198903,-0.05741711970912966,-0.03673981424118278,-0.08502121103741589,-0.02764987988080625,1
2026-10-07T01:08:57.416585+00:00,XLF,AJG,229.85,72.0,0.11653934421075794,352,-0.08590173436817594,-0.12012404227343854,-0.05741711970912966,-0.03673981424118278,-0.02848461465904628,-0.08338422803225576,1
2026-10-07T01:08:58.092327+00:00,XLF,AON,273.99,41.0,0.18297858268758066,326,-0.1323665004575365,-0.25414458777178484,-0.05741711970912966,-0.03673981424118278,-0.07494938074840685,-0.21740477353060206,1
2026-10-07T01:08:58.719772+00:00,XLF,ALL,224.27,53.0,0.15657449333978107,690,-0.11516610774164093,-0.12548257517177075,-0.05741711970912966,-0.03673981424118278,-0.05774898803251127,-0.08874276093058797,1
2026-10-07T01:08:59.345557+00:00,XLF,TFC,46.25,893.0,0.1401463811330984,394,-0.08506427897051316,-0.10972089854146394,-0.05741711970912966,-0.03673981424118278,-0.027647159261383503,-0.07298108430028116,1
2026-10-07T01:09:00.000270+00:00,XLF,APO,115.95,7.0,0.25496569158540994,1244,-0.12032471666878897,-0.024236344680925948,-0.05741711970912966,-0.03673981424118278,-0.0629075969596593,0.01250346956025683,1
2026-10-07T01:09:00.639901+00:00,XLF,MET,97.16,60.0,0.16269841269841268,578,0.017382237299574665,0.04439433448355157,-0.05741711970912966,-0.03673981424118278,0.07479935700870433,0.08113414872473435,1
2026-10-07T01:09:01.396304+00:00,XLF,AFL,113.63,2.0,0.7011764705882353,1016,-0.013285918374756123,-0.0784266468694299,-0.05741711970912966,-0.03673981424118278,0.04413120133437354,-0.04168683262824713,1
2026-10-07T01:09:02.097104+00:00,XLF,STT,175.75,44.0,0.15793650793650793,662,-0.08406297932222606,-0.013582523397966284,-0.05741711970912966,-0.03673981424118278,-0.0266458596130964,0.023157290843216494,1
2026-10-07T01:09:02.779206+00:00,XLF,FITB,51.0,154.0,0.17309292649098473,620,-0.06439182589639969,-0.10807975292396743,-0.05741711970912966,-0.03673981424118278,-0.00697470618727003,-0.07133993868278465,1
2026-10-07T01:09:03.398642+00:00,XLF,PYPL,54.6,1049.0,0.20763656633221844,1036,-0.010007264305357921,0.17465458130155964,-0.05741711970912966,-0.03673981424118278,0.04740985540377174,0.21139439554274242,1
2026-10-07T01:09:04.047284+00:00,XLF,AMP,496.61,4.0,0.2873544504543618,322,-0.10789156843811198,-0.04171892003938438,-0.05741711970912966,-0.03673981424118278,-0.050474448728982324,-0.0049791057982016,1
2026-10-07T01:09:04.784658+00:00,XLF,COIN,186.2393,756.0,0.10752482811306333,2822,0.019389091436789796,0.1832526092556872,-0.05741711970912966,-0.03673981424118278,0.07680621114591946,0.21999242349686998,1
2026-10-07T01:09:05.382111+00:00,XLF,NDAQ,92.27,28.0,0.33452593917710205,914,-0.029145667569205447,0.03430106030711033,-0.05741711970912966,-0.03673981424118278,0.028271452139924214,0.07104087454829311,1
2026-10-07T01:09:06.008062+00:00,XLF,XYZ,76.0701,64.0,0.1538461538461539,1048,-0.07890283483255478,-0.013842168856161297,-0.05741711970912966,-0.03673981424118278,-0.02148571512342512,0.02289764538502148,1
2026-10-07T01:09:06.668435+00:00,XLF,MSCI,554.92,17.0,0.12218342746962457,536,0.0064019444820186955,-0.10529964628480959,-0.05741711970912966,-0.03673981424118278,0.06381906419114836,-0.06855983204362681,1
2026-10-07T01:09:07.390747+00:00,XLF,AIG,75.11,44.0,0.5583505154639176,942,0.005757904437849515,-0.059949947735306375,-0.05741711970912966,-0.03673981424118278,0.06317502414697918,-0.023210133494123597,1
2026-10-07T01:09:08.114608+00:00,XLF,PRU,113.54,211.0,0.19016393442622959,574,-0.04891938743718993,-0.02263921231704924,-0.05741711970912966,-0.03673981424118278,0.008497732271939729,0.014100601924133538,1
2026-10-07T01:09:08.765808+00:00,XLF,IBKR,90.58,29.0,0.49002849002849,924,-0.004287120857591864,-0.03185117363510814,-0.05741711970912966,-0.03673981424118278,0.053129998851537796,0.004888640606074635,1
2026-10-07T01:09:09.411254+00:00,XLF,HIG,126.79,47.0,0.39565897176492226,184,-0.06538406683722853,-0.09937489689641132,-0.05741711970912966,-0.03673981424118278,-0.007966947128098867,-0.06263508265522855,1
2026-10-07T01:09:10.022221+00:00,XLF,ACGL,94.82,76.0,0.6262843488649941,154,-0.009298917544267593,-0.0799534063552132,-0.05741711970912966,-0.03673981424118278,0.04811820216486207,-0.04321359211403042,1
2026-10-07T01:09:10.672433+00:00,XLF,MTB,218.74,6.0,0.19515615781175952,660,-0.08262035206564478,-0.09816531543606255,-0.05741711970912966,-0.03673981424118278,-0.025203232356515115,-0.06142550119487977,1
2026-10-07T01:09:11.410358+00:00,XLF,NTRS,169.46,7.0,0.2549435028248588,362,-0.08340544007838702,-0.07957196158773294,-0.05741711970912966,-0.03673981424118278,-0.025988320369257356,-0.042832147346550165,1
2026-10-07T01:09:12.186330+00:00,XLF,HBAN,15.35,207.0,0.5041128084606346,338,-0.0853222127474389,-0.14500838467466148,-0.05741711970912966,-0.03673981424118278,-0.027905093038309237,-0.1082685704334787,1
2026-10-07T01:09:12.937136+00:00,XLF,CBOE,278.2,33.0,0.2976541189307146,1388,-0.051580046561338855,0.003861030221794959,-0.05741711970912966,-0.03673981424118278,0.0058370731477908055,0.040600844462977737,1
2026-10-07T01:09:13.597395+00:00,XLF,RJF,159.43,24.0,0.3630434782608696,326,-0.09696975406427844,-0.04521501524097016,-0.05741711970912966,-0.03673981424118278,-0.039552634355148775,-0.00847520099978738,1
2026-10-07T01:09:14.215795+00:00,XLF,WTW,291.98,1.0,0.21435406698564596,336,-0.1025388385291417,-0.012079096444224446,-0.05741711970912966,-0.03673981424118278,-0.045121718820012036,0.02466071779695833,1
2026-10-07T01:09:14.883738+00:00,XLF,CFG,64.1,105.0,0.24880952380952387,370,-0.09141002164859602,-0.08572645853336003,-0.05741711970912966,-0.03673981424118278,-0.03399290193946636,-0.04898664429217725,1
2026-10-07T01:09:15.551926+00:00,XLF,ARES,117.74,0.0,0.2201140728669538,1270,-0.16425256971519464,-0.03842049420388982,-0.05741711970912966,-0.03673981424118278,-0.10683545000606498,-0.0016806799627070435,1
2026-10-07T01:09:16.312042+00:00,XLF,CPAY,406.79,4.0,0.2990002256605476,462,-0.0006386912070835971,0.12354309033847155,-0.05741711970912966,-0.03673981424118278,0.05677842850204606,0.16028290457965433,1
2026-10-07T01:09:16.950078+00:00,XLF,CINF,164.99,15.0,0.30961573818716676,200,-0.03582829360566164,-0.10724254959357093,-0.05741711970912966,-0.03673981424118278,0.021588826103468017,-0.07050273535238816,1
2026-10-07T01:09:17.597375+00:00,XLF,FISV,45.25,100.0,0.39197732722912576,768,-0.10578059385670235,-0.1113716437856882,-0.05741711970912966,-0.03673981424118278,-0.048363474147572694,-0.07463182954450542,1
2026-10-07T01:09:18.363995+00:00,XLF,SYF,72.16,57.0,0.33271843032030857,450,-0.10060061436101819,-0.007730606972870313,-0.05741711970912966,-0.03673981424118278,-0.04318349465188853,0.029009207268312465,1
2026-10-07T01:09:19.032860+00:00,XLF,RF,27.05,66.0,0.4472222222222222,410,-0.10043234081852981,-0.12938527509652153,-0.05741711970912966,-0.03673981424118278,-0.04301522110940015,-0.09264546085533876,1
2026-10-07T01:09:19.670815+00:00,XLF,TROW,103.6,171.0,0.25082781456953646,446,-0.05318954297401923,-0.08842941413836547,-0.05741711970912966,-0.03673981424118278,0.004227576735110428,-0.05168959989718269,1
2026-10-07T01:09:20.453641+00:00,XLF,PFG,109.7,14.0,0.6785714285714286,170,-0.046418671112548604,-0.03441601655755222,-0.05741711970912966,-0.03673981424118278,0.010998448596581056,0.0023237976836305574,1
2026-10-07T01:09:21.113960+00:00,XLF,KEY,20.14,300.0,0.18846056941295036,308,-0.07572287547281065,-0.1326442728159194,-0.05741711970912966,-0.03673981424118278,-0.018305755763680986,-0.09590445857473662,1
2026-10-07T01:09:21.791429+00:00,XLF,GPN,81.79,0.0,0.15691255495847584,760,-0.08532763822028111,0.06428110005844401,-0.05741711970912966,-0.03673981424118278,-0.02791051851115145,0.10102091429962679,1
2026-10-07T01:09:22.477714+00:00,XLF,BRO,60.97,35.0,0.7190029551586792,120,-0.105749472751547,-0.11905791031310942,-0.05741711970912966,-0.03673981424118278,-0.04833235304241734,-0.08231809607192664,1
2026-10-07T01:09:23.181721+00:00,XLF,L,106.46,6.0,0.6050915211445402,182,-0.016535805224271116,-0.08618026536933343,-0.05741711970912966,-0.03673981424118278,0.040881314484858544,-0.04944045112815065,1
2026-10-07T01:09:23.865078+00:00,XLF,FIS,33.7316,18.0,0.4,752,-0.15220700859206893,-0.20295735927242542,-0.05741711970912966,-0.03673981424118278,-0.09478988888293927,-0.16621754503124264,1
2026-10-07T01:09:24.407039+00:00,XLF,WRB,69.65,35.0,0.4117158288325717,156,-0.001719867033982747,-0.05674424458038119,-0.05741711970912966,-0.03673981424118278,0.05569725267514691,-0.02000443033919841,1
2026-10-07T01:09:25.074947+00:00,XLF,IVZ,30.38,47.0,0.3364779874213836,230,-0.060606090988668315,0.06971829467717416,-0.05741711970912966,-0.03673981424118278,-0.003188971279538655,0.10645810891835694,1
2026-10-07T01:09:25.713547+00:00,XLF,EG,366.84,1.0,0.15007990918731617,294,-0.00808476960477822,-0.02924136093097629,-0.05741711970912966,-0.03673981424118278,0.04933235010435144,0.007498453310206488,1
2026-10-07T01:09:26.386452+00:00,XLF,AIZ,270.96,2.0,0.31046673802341807,232,-0.03576391573712634,-0.031870849192921935,-0.05741711970912966,-0.03673981424118278,0.02165320397200332,0.004868965048260843,1
2026-10-07T01:09:26.978258+00:00,XLF,GL,166.28,2.0,0.32507280306058345,288,-0.02577920134343148,-0.06908519020949866,-0.05741711970912966,-0.03673981424118278,0.03163791836569818,-0.03234537596831588,1
2026-10-07T01:09:27.586584+00:00,XLF,JKHY,143.5,3.0,0.5165323701028064,204,-0.0963524305752792,-0.04179661136026136,-0.05741711970912966,-0.03673981424118278,-0.03893531086614954,-0.005056797119078582,1
2026-10-07T01:09:28.508364+00:00,XLF,FDS,272.01,17.0,0.3139219015280135,562,-0.05878889354455019,0.03382625103403214,-0.05741711970912966,-0.03673981424118278,-0.001371773835420531,0.07056606527521492,1
2026-10-07T01:09:29.245014+00:00,XLF,BEN,32.44,43.0,0.5,212,-0.0637807446420845,-0.01187947555874913,-0.05741711970912966,-0.03673981424118278,-0.006363624932954837,0.024860338682433647,1
2026-10-07T01:09:30.102322+00:00,XLF,ERIE,223.22,3.0,0.3095667452721136,256,-0.08272037960931733,-0.09689686096882966,-0.05741711970912966,-0.03673981424118278,-0.02530325990018767,-0.06015704672764688,1
2026-10-07T01:09:30.776121+00:00,XLK,NVDA,239.86,3431.0,0.027806981783852255,4180,0.05985030798446411,0.17545328417453732,0.0752116104224021,0.11429833053964833,-0.015361302437937985,0.06115495363488899,1
2026-10-07T01:09:31.475842+00:00,XLK,AAPL,333.99,697.0,0.06511817440912804,3538,0.05505661752862445,0.05143237669719225,0.0752116104224021,0.11429833053964833,-0.020154992893777646,-0.06286595384245608,1
2026-10-07T01:09:32.150371+00:00,XLK,MSFT,529.72,229.0,0.06070469614773417,3716,0.07156589677564607,0.3537430650735718,0.0752116104224021,0.11429833053964833,-0.0036457136467560325,0.23944473453392345,1
2026-10-07T01:09:32.932929+00:00,XLK,AMD,652.047,11.0,0.04900275790399295,6130,0.28409853966500775,0.21525471118204598,0.0752116104224021,0.11429833053964833,0.20888692924260566,0.10095638064239765,1
2026-10-07T01:09:34.104673+00:00,XLK,MU,1044.3646,88.0,0.06620475362464008,12000,0.045288273434763715,0.1158591873999466,0.0752116104224021,0.11429833053964833,-0.029923336987638383,0.0015608568602982764,1
2026-10-07T01:09:34.780050+00:00,XLK,AVGO,377.59,65.0,0.06171664286847535,3064,0.01967115272418396,-0.021455514897235073,0.0752116104224021,0.11429833053964833,-0.05554045769821814,-0.1357538454368834,1
2026-10-07T01:09:35.545588+00:00,XLK,INTC,112.7,154.0,0.027994689989067647,2710,0.07686415894963683,0.09096195697811771,0.0752116104224021,0.11429833053964833,0.0016525485272347318,-0.02333637356153062,1
2026-10-07T01:09:36.202774+00:00,XLK,PLTR,191.85,971.0,0.02321300287356324,2380,0.08644520109644804,0.4938086010636624,0.0752116104224021,0.11429833053964833,0.011233590674045946,0.3795102705240141,1
2026-10-07T01:09:36.988890+00:00,XLK,CSCO,118.17,20.0,0.1523074223547991,1392,0.08033346541683528,-0.010985304474580682,0.0752116104224021,0.11429833053964833,0.005121854994433184,-0.125283635014229,1
2026-10-07T01:09:37.830781+00:00,XLK,LRCX,333.8,53.0,0.12937883538849237,2220,0.04203857641913822,0.012033223384833258,0.0752116104224021,0.11429833053964833,-0.03317303400326388,-0.10226510715481507,1
2026-10-07T01:09:38.623860+00:00,XLK,AMAT,528.7,44.0,0.15544521681562395,2996,0.12157619650895546,-0.07841636797391371,0.0752116104224021,0.11429833053964833,0.04636458608655336,-0.19271469851356204,1
2026-10-07T01:09:39.466823+00:00,XLK,PANW,420.35,71.0,0.14654699356010673,3768,0.22054851421174426,0.2480746377682157,0.0752116104224021,0.11429833053964833,0.14533690378934216,0.13377630722856737,1
2026-10-07T01:09:40.266366+00:00,XLK,CRWD,278.6216,61.0,0.08387783917677755,3118,0.2795401483718494,0.4567262746934302,0.0752116104224021,0.11429833053964833,0.20432853794944728,0.34242794415378186,1
2026-10-07T01:09:40.976212+00:00,XLK,KLAC,197.2144,83.0,0.1186832190723241,2366,0.04487253242694611,-0.11154102715920278,0.0752116104224021,0.11429833053964833,-0.030339077995455987,-0.2258393576988511,1
2026-10-07T01:09:42.153004+00:00,XLK,SNDK,1664.5763,32.0,0.04733635759122973,11520,-0.02059768150592678,-0.1105265381166759,0.0752116104224021,0.11429833053964833,-0.09580929192832888,-0.22482486865632423,1
2026-10-07T01:09:42.870565+00:00,XLK,TXN,297.23,16.0,0.1476753533523959,1830,0.14796074297781625,-0.004488047375889037,0.0752116104224021,0.11429833053964833,0.07274913255541415,-0.11878637791553737,1
2026-10-07T01:09:43.517908+00:00,XLK,ORCL,145.1302,1867.0,0.030389290660101445,2006,-0.10921732422700747,0.1005778596745821,0.0752116104224021,0.11429833053964833,-0.18442893464940957,-0.013720470865066225,1
2026-10-07T01:09:44.440395+00:00,XLK,MRVL,288.37,69.0,0.033898305084745776,2270,0.27327982388862515,0.3194042724048449,0.0752116104224021,0.11429833053964833,0.19806821346622305,0.2051059418651966,1
2026-10-07T01:09:45.311271+00:00,XLK,STX,810.0106,37.0,0.1355422467657048,3948,-0.10919082627528431,-0.06393926751427714,0.0752116104224021,0.11429833053964833,-0.1844024366976864,-0.17823759805392547,1
2026-10-07T01:09:45.881686+00:00,XLK,ANET,216.4,41.0,0.10695440450552458,1162,0.06770562080625431,0.10665375730936044,0.0752116104224021,0.11429833053964833,-0.00750598961614779,-0.007644573230287888,1
2026-10-07T01:09:46.682708+00:00,XLK,IBM,221.7499,309.0,0.1001420377538518,2112,-0.04653368616557918,-0.23753579950573367,0.0752116104224021,0.11429833053964833,-0.12174529658798128,-0.351834130045382,1
2026-10-07T01:09:47.369627+00:00,XLK,APH,89.33,97.0,0.1351880026081287,638,0.08390411486195015,0.13622667640031105,0.0752116104224021,0.11429833053964833,0.008692504439548054,0.021928345860662724,1
2026-10-07T01:09:48.127975+00:00,XLK,ADI,420.55,25.0,0.18030976430976436,1674,0.15790190985248875,0.08947948797575345,0.0752116104224021,0.11429833053964833,0.08269029943008666,-0.024818842563894883,1
2026-10-07T01:09:49.052776+00:00,XLK,QCOM,180.91,851.0,0.11037742745059817,1482,0.03986445279679618,-0.01603433534486498,0.0752116104224021,0.11429833053964833,-0.03534715762560592,-0.1303326658845133,1
2026-10-07T01:09:49.582397+00:00,XLK,CRM,224.8489,96.0,0.1103112502173534,1744,-0.09686091079390291,0.31404043855338615,0.0752116104224021,0.11429833053964833,-0.172072521216305,0.19974210801373782,1
2026-10-07T01:09:50.323816+00:00,XLK,WDC,412.415,141.0,0.08341918919360912,3424,-0.13882250354631787,-0.2601205695677199,0.0752116104224021,0.11429833053964833,-0.21403411396871996,-0.3744189001073682,1
2026-10-07T01:09:51.128682+00:00,XLK,DELL,576.96,82.0,0.0908342690637464,3674,0.05370695347079657,0.2697196967087223,0.0752116104224021,0.11429833053964833,-0.021504656951605527,0.15542136616907398,1
2026-10-07T01:09:51.926266+00:00,XLK,NOW,137.79,131.0,0.04545454545454549,1972,-0.03666991984436596,0.2633924704087367,0.0752116104224021,0.11429833053964833,-0.11188153026676806,0.14909413986908837,1
2026-10-07T01:09:52.722545+00:00,XLK,ACN,193.81,147.0,0.15794592491733123,1718,0.08026585050085622,0.39618818893535135,0.0752116104224021,0.11429833053964833,0.00505424007845412,0.281889858395703,1
2026-10-07T01:09:53.432344+00:00,XLK,GLW,168.71,224.0,0.13104817079712483,1832,0.018136866624894,-0.07722133877186543,0.0752116104224021,0.11429833053964833,-0.0570747437975081,-0.19151966931151376,1
2026-10-07T01:09:54.117888+00:00,XLK,FTNT,191.6,10.0,0.19165053036668983,1104,0.21464407690189313,0.19082312344058638,0.0752116104224021,0.11429833053964833,0.13943246647949104,0.07652479290093805,1
2026-10-07T01:09:54.943510+00:00,XLK,CDNS,359.99,14.0,0.18914422779325285,1852,0.265530978603429,-0.04860823714560525,0.0752116104224021,0.11429833053964833,0.1903193681810269,-0.16290656768525358,1
2026-10-07T01:09:55.614548+00:00,XLK,ADBE,237.77,173.0,0.17277072801678192,2100,-0.07439949437098636,0.03256577983157438,0.0752116104224021,0.11429833053964833,-0.14961110479338846,-0.08173255070807395,1
2026-10-07T01:09:56.346594+00:00,XLK,SNPS,505.01,0.0,0.3380847953216374,2060,0.28860040048142466,0.16446914595663542,0.0752116104224021,0.11429833053964833,0.21338879005902256,0.05017081541698709,1
2026-10-07T01:09:57.083608+00:00,XLK,LITE,1133.3,6.0,0.11490320741422065,5226,0.23876748262040293,0.3611676047089938,0.0752116104224021,0.11429833053964833,0.16355587219800083,0.24686927416934545,1
2026-10-07T01:09:57.802864+00:00,XLK,DDOG,279.86,164.0,0.17310891089108918,1746,0.29814971142090974,0.07328958365203952,0.0752116104224021,0.11429833053964833,0.22293810099850764,-0.041008746887608805,1
2026-10-07T01:09:58.557217+00:00,XLK,HPE,71.4243,10.0,0.1768585131894484,1028,0.3146153963529146,0.40832301856187336,0.0752116104224021,0.11429833053964833,0.23940378593051248,0.29402468802222503,1
2026-10-07T01:09:59.288545+00:00,XLK,INTU,289.0715,107.0,0.17161084529505582,1908,-0.09130528889075162,0.00017251446467425602,0.0752116104224021,0.11429833053964833,-0.16651689931315372,-0.11412581607497407,1
2026-10-07T01:09:59.930637+00:00,XLK,MSI,456.28,21.0,0.11123479694908263,472,-0.014471493472812402,0.09142228733651159,0.0752116104224021,0.11429833053964833,-0.0896831038952145,-0.022876043203136742,1
2026-10-07T01:10:00.704030+00:00,XLK,MPWR,1478.59,1.0,0.07501700999483837,2260,0.2094295785032827,0.1411745077623232,0.0752116104224021,0.11429833053964833,0.1342179680808806,0.02687617722267488,1
2026-10-07T01:10:01.530136+00:00,XLK,TER,431.2,11.0,0.18893698172234236,1836,0.1565876744286383,0.2615286148270113,0.0752116104224021,0.11429833053964833,0.0813760640062362,0.14723028428736296,1
2026-10-07T01:10:02.166599+00:00,XLK,KEYS,388.03,14.0,0.0942176870748299,600,0.17407788105540223,0.1928893898132975,0.0752116104224021,0.11429833053964833,0.09886627063300013,0.07859105927364918,1
2026-10-07T01:10:02.860746+00:00,XLK,TEL,219.51,27.0,0.15260706430327334,748,0.07083266805491206,0.10762944100997207,0.0752116104224021,0.11429833053964833,-0.004378942367490035,-0.0066688895296762585,1
2026-10-07T01:10:03.528741+00:00,XLK,COHR,338.0,34.0,0.18922738693467345,2244,0.12084265230786406,0.1007513882275759,0.0752116104224021,0.11429833053964833,0.045631041885461965,-0.01354694231207243,1
2026-10-07T01:10:04.180930+00:00,XLK,NXPI,244.38,70.0,0.0771775994705931,858,0.09161571542845115,-0.12216677314584812,0.0752116104224021,0.11429833053964833,0.016404105006049052,-0.23646510368549645,1
2026-10-07T01:10:04.946947+00:00,XLK,CIEN,445.5,3.0,0.27535797100937764,2332,0.2999208379640843,-0.004018517724297399,0.0752116104224021,0.11429833053964833,0.2247092275416822,-0.11831684826394573,1
2026-10-07T01:10:05.646857+00:00,XLK,ADSK,230.35,44.0,0.3020408163265306,1308,0.0898637739130872,0.08981244674846578,0.0752116104224021,0.11429833053964833,0.0146521634906851,-0.02448588379118255,1
2026-10-07T01:10:06.356166+00:00,XLK,P,148.41,46.0,0.08381831330279962,608,0.4458848537239395,0.8136896705136458,0.0752116104224021,0.11429833053964833,0.3706732433015374,0.6993913399739975,1
2026-10-07T01:10:07.127199+00:00,XLK,MCHP,81.5,19.0,0.28078817733990147,1146,0.10738627933711808,-0.03526060907438677,0.0752116104224021,0.11429833053964833,0.03217466891471599,-0.1495589396140351,1
2026-10-07T01:10:07.898208+00:00,XLK,NTAP,228.45,32.0,0.10728126754584175,690,0.20789928118382317,0.3935826703784939,0.0752116104224021,0.11429833053964833,0.13268767076142107,0.2792843398388456,1
2026-10-07T01:10:08.559968+00:00,XLK,FLEX,121.73,147.0,0.2929134206798866,484,0.0618493556628783,-0.0627027239118304,0.0752116104224021,0.11429833053964833,-0.013362254759523795,-0.17700105445147873,1
2026-10-07T01:10:09.308100+00:00,XLK,WDAY,186.55,11.0,0.3788621524317068,1232,-0.03488424744100227,0.3599137161856387,0.0752116104224021,0.11429833053964833,-0.11009585786340437,0.2456153856459904,1
2026-10-07T01:10:10.040380+00:00,XLK,ROP,362.28,13.0,0.3872928798780051,292,-0.0843422106204259,0.004686770178234934,0.0752116104224021,0.11429833053964833,-0.159553821042828,-0.1096115603614134,1
2026-10-07T01:10:10.659460+00:00,XLK,JBL,307.8054,6.0,0.20588235294117646,1494,-0.010053418710511353,-0.03966327914210299,0.0752116104224021,0.11429833053964833,-0.08526502913291345,-0.15396160968175132,1
2026-10-07T01:10:11.456505+00:00,XLK,ON,86.6,5.0,0.30317515689274654,1218,0.21426555057972885,-0.044926469675711456,0.0752116104224021,0.11429833053964833,0.13905394015732675,-0.15922480021535979,1
2026-10-07T01:10:12.163737+00:00,XLK,HPQ,31.9,321.0,0.17055712835852782,1016,0.01796597576425052,0.2809850204217974,0.0752116104224021,0.11429833053964833,-0.05724563465815158,0.16668668988214908,1
2026-10-07T01:10:12.771842+00:00,XLK,TDY,622.22,1.0,0.3120682649329541,630,0.028326755353311084,-0.002660822861279777,0.0752116104224021,0.11429833053964833,-0.046884855069091014,-0.1169591534009281,1
2026-10-07T01:10:13.412567+00:00,XLK,CTSH,57.2314,18.0,0.29944164885917146,546,-0.04506003055323049,0.29574278574315627,0.0752116104224021,0.11429833053964833,-0.12027164097563259,0.18144445520350794,1
2026-10-07T01:10:14.034491+00:00,XLK,Q,131.53,87.0,0.16734693877551016,602,0.09180706770585689,-0.08532687073757994,0.0752116104224021,0.11429833053964833,0.016595457283454795,-0.19962520127722827,1
2026-10-07T01:10:14.718263+00:00,XLK,FFIV,471.7467,3.0,0.07350391451690128,850,0.20576462818244567,0.11602326861050227,0.0752116104224021,0.11429833053964833,0.13055301776004358,0.001724938070853943,1
2026-10-07T01:10:15.309431+00:00,XLK,SMCI,43.64,499.0,0.04603174603174598,1514,0.0794833804359083,0.5712219567686949,0.0752116104224021,0.11429833053964833,0.004271770013506204,0.4569236262290466,1
2026-10-07T01:10:15.932752+00:00,XLK,VRSN,293.1,6.0,0.23843007820908374,378,0.038625065290528005,0.0843106387139152,0.0752116104224021,0.11429833053964833,-0.03658654513187409,-0.02998769182573313,1
2026-10-07T01:10:16.658563+00:00,XLK,FSLR,180.59,221.0,0.14696968968506954,1348,-0.15685813340324595,-0.18653574607629653,0.0752116104224021,0.11429833053964833,-0.23206974382564804,-0.30083407661594486,1
2026-10-07T01:10:17.445687+00:00,XLK,ZBRA,385.78,6.0,0.2422591603979617,556,0.09428714310063735,0.44643999527206946,0.0752116104224021,0.11429833053964833,0.019075532678235252,0.3321416647324211,1
2026-10-07T01:10:18.135871+00:00,XLK,CDW,135.67,76.0,0.2792207792207792,230,-0.1211445473312841,-0.07251195557144474,0.0752116104224021,0.11429833053964833,-0.1963561577536862,-0.18681028611109307,1
2026-10-07T01:10:18.772189+00:00,XLK,PTC,193.0,23.0,0.7184210526315788,414,0.44829662281052807,0.5388295552358562,0.0752116104224021,0.11429833053964833,0.37308501238812597,0.42453122469620785,1
2026-10-07T01:10:19.534469+00:00,XLK,AKAM,108.45,24.0,0.2943722943722944,1636,0.028501108974858136,-0.13194273850577398,0.0752116104224021,0.11429833053964833,-0.04671050144754396,-0.2462410690454223,1
2026-10-07T01:10:20.251072+00:00,XLK,FICO,695.0,19.0,0.16267217834206843,3236,-0.2548376394847568,-0.4559280094092265,0.0752116104224021,0.11429833053964833,-0.3300492499071589,-0.5702263399488748,1
2026-10-07T01:10:21.036666+00:00,XLK,TRMB,60.0589,35.0,0.22104978354978355,140,0.03691735332949486,0.1656148344958348,0.0752116104224021,0.11429833053964833,-0.038294257092907236,0.05131650395618648,1
2026-10-07T01:10:21.684057+00:00,XLK,TYL,330.91,10.0,0.19556866549649227,370,-0.04861711030425797,0.053115659017783035,0.0752116104224021,0.11429833053964833,-0.12382872072666007,-0.061182671521865295,1
2026-10-07T01:10:22.371390+00:00,XLK,SWKS,82.79,21.0,0.21295359634788477,1630,0.0983019890170318,0.42153156815820414,0.0752116104224021,0.11429833053964833,0.0230903785946297,0.3072332376185558,1
2026-10-07T01:10:23.046241+00:00,XLK,GDDY,98.18,7.0,0.4977064220183487,990,-0.015496986799512946,0.12168241022977244,0.0752116104224021,0.11429833053964833,-0.09070859722191504,0.007384079690124112,1
2026-10-07T01:10:23.733016+00:00,XLK,IT,184.92,12.0,0.1846878972991411,286,0.07144099943611715,0.30861228054489787,0.0752116104224021,0.11429833053964833,-0.00377061098628495,0.19431395000524954,1
2026-10-07T01:10:24.350346+00:00,XLK,GEN,22.66,51.0,0.4952830188679245,346,-0.2351559998144478,-0.12844039105313498,0.0752116104224021,0.11429833053964833,-0.3103676102368499,-0.2427387215927833,1
2026-10-07T01:10:25.209811+00:00,XLV,LLY,1160.0,57.0,0.14225762008699822,4168,0.02987779718435979,-0.0206283305131163,-0.00023938577007720507,0.03518984292740357,0.030117182954436994,-0.05581817344051987,1
2026-10-07T01:10:25.888990+00:00,XLV,JNJ,255.0,138.0,0.20050925010050993,1418,-0.053284767382840936,-0.011599450524926724,-0.00023938577007720507,0.03518984292740357,-0.05304538161276373,-0.046789293452330294,1
2026-10-07T01:10:26.624128+00:00,XLV,ABBV,266.69,50.0,0.25494621229218384,1320,0.03626303759031302,0.07126736457624916,-0.00023938577007720507,0.03518984292740357,0.036502423360390224,0.03607752164884559,1
2026-10-07T01:10:27.354840+00:00,XLV,MRK,141.18,17.0,0.19026885296101897,1262,-0.04391758034220761,0.14440057920164162,-0.00023938577007720507,0.03518984292740357,-0.0436781945721304,0.10921073627423805,1
2026-10-07T01:10:28.175747+00:00,XLV,UNH,376.32,191.0,0.08426863857374388,1932,-0.06117151291709566,-0.12298116820257377,-0.00023938577007720507,0.03518984292740357,-0.060932127147018456,-0.15817101112997733,1
2026-10-07T01:10:28.900586+00:00,XLV,TMO,658.06,0.0,0.3007767916785953,1872,0.08881960104778597,0.24232276580913426,-0.00023938577007720507,0.03518984292740357,0.08905898681786317,0.20713292288173069,1
2026-10-07T01:10:29.585864+00:00,XLV,AMGN,401.53,49.0,0.3232063899586364,1886,0.02398451650360789,0.11693714098773489,-0.00023938577007720507,0.03518984292740357,0.024223902273685094,0.08174729806033132,1
2026-10-07T01:10:30.257104+00:00,XLV,GILD,144.23,19.0,0.582000416286405,1270,-0.01643483137029733,0.09764080994678004,-0.00023938577007720507,0.03518984292740357,-0.016195445600220126,0.06245096701937647,1
2026-10-07T01:10:30.944885+00:00,XLV,ABT,98.4157,45.0,0.19999999999999996,1178,-0.06974974616283447,0.06568236903342184,-0.00023938577007720507,0.03518984292740357,-0.06951036039275726,0.03049252610601827,1
2026-10-07T01:10:31.466860+00:00,XLV,PFE,27.5,1273.0,0.17424242424242425,736,-0.010435441020993586,0.12336603407827451,-0.00023938577007720507,0.03518984292740357,-0.01019605525091638,0.08817619115087094,1
2026-10-07T01:10:32.206007+00:00,XLV,ISRG,405.1,25.0,0.26123331836917935,2288,0.15592873410009012,-0.005796780752277186,-0.00023938577007720507,0.03518984292740357,0.15616811987016732,-0.040986623679680756,1
2026-10-07T01:10:32.864336+00:00,XLV,DHR,215.61,8.0,0.2523809523809524,1106,0.050577425809592125,0.07718823274165887,-0.00023938577007720507,0.03518984292740357,0.05081681157966933,0.0419983898142553,1
2026-10-07T01:10:33.602607+00:00,XLV,VRTX,502.31,15.0,0.7140637140637142,1794,-0.050274202359749,0.045934404078279645,-0.00023938577007720507,0.03518984292740357,-0.05003481658967179,0.010744561150876075,1
2026-10-07T01:10:34.277506+00:00,XLV,BMY,59.59,618.0,0.14598477168309565,846,-0.07883756525496732,0.0042130097633492625,-0.00023938577007720507,0.03518984292740357,-0.07859817948489012,-0.030976833164054307,1
2026-10-07T01:10:34.930639+00:00,XLV,MDT,87.09,362.0,0.41760204081632657,996,-0.057365549158685636,0.042120338110811506,-0.00023938577007720507,0.03518984292740357,-0.05712616338860843,0.0069304951834079365,1
2026-10-07T01:10:35.481150+00:00,XLV,CVS,86.43,101.0,0.16846040953246205,1222,-0.10034349349714622,-0.18385270009599786,-0.00023938577007720507,0.03518984292740357,-0.10010410772706901,-0.21904254302340143,1
2026-10-07T01:10:36.276780+00:00,XLV,MCK,921.67,13.0,0.11441659116077721,1784,0.036609218071491645,0.13467024876626765,-0.00023938577007720507,0.03518984292740357,0.03684860384156885,0.09948040583886408,1
2026-10-07T01:10:36.944330+00:00,XLV,SYK,279.01,71.0,0.10777735840678493,672,0.006403138509380346,-0.16065771017905062,-0.00023938577007720507,0.03518984292740357,0.006642524279457551,-0.1958475531064542,1
2026-10-07T01:10:37.776611+00:00,XLV,ELV,400.09,63.0,0.16393706192085428,828,-0.004602692173654277,-0.05898820777045832,-0.00023938577007720507,0.03518984292740357,-0.004363306403577072,-0.09417805069786189,1
2026-10-07T01:10:38.494786+00:00,XLV,REGN,738.72,14.0,0.26178219035361894,2840,-0.08834893691447021,0.11405682604866119,-0.00023938577007720507,0.03518984292740357,-0.088109551144393,0.07886698312125762,1
2026-10-07T01:10:39.219813+00:00,XLV,CI,274.37,12.0,0.2990053010899994,1264,-0.005293084603387066,-0.09894911291564035,-0.00023938577007720507,0.03518984292740357,-0.005053698833309861,-0.13413895584304392,1
2026-10-07T01:10:40.018435+00:00,XLV,MRNA,187.6493,109.0,0.10378151260504198,1968,0.39615254175986103,1.9765638890580708,-0.00023938577007720507,0.03518984292740357,0.39639192752993824,1.9413740461306672,1
2026-10-07T01:10:40.674362+00:00,XLV,BSX,42.21,84.0,0.17565485362095531,812,-0.06202758879327075,-0.055095247818616966,-0.00023938577007720507,0.03518984292740357,-0.061788203023193544,-0.09028509074602054,1
2026-10-07T01:10:41.497764+00:00,XLV,HCA,432.2,15.0,0.10291090855630694,1106,0.0750709517390018,0.10610642117226732,-0.00023938577007720507,0.03518984292740357,0.075310337509079,0.07091657824486375,1
2026-10-07T01:10:42.119130+00:00,XLV,COR,316.37,31.0,0.15628815628815634,722,-0.025624464140130643,0.033449809136791187,-0.00023938577007720507,0.03518984292740357,-0.025385078370053438,-0.001740033790612383,1
2026-10-07T01:10:42.797062+00:00,XLV,CAH,233.44,2.0,0.27867383512544797,1110,-0.029315160259157702,-0.0009415441977878025,-0.00023938577007720507,0.03518984292740357,-0.029075774489080497,-0.03613138712519137,1
2026-10-07T01:10:43.470416+00:00,XLV,EW,86.48,9.0,0.21465682253213011,596,-0.0027675030026663716,-0.057849411761967895,-0.00023938577007720507,0.03518984292740357,-0.0025281172325891665,-0.09303925468937146,1
2026-10-07T01:10:44.138872+00:00,XLV,BDX,180.3,15.0,0.23852617970265022,742,0.006700150236447433,0.17207307355930523,-0.00023938577007720507,0.03518984292740357,0.006939536006524638,0.13688323063190166,1
2026-10-07T01:10:44.840768+00:00,XLV,A,169.33,21.0,0.14474862837308256,684,0.15308134009672947,0.2632796949608085,-0.00023938577007720507,0.03518984292740357,0.15332072586680667,0.22808985203340493,1
2026-10-07T01:10:45.574712+00:00,XLV,HUM,404.27,8.0,0.17510007505629221,2048,0.0029273677999990255,-0.004261110803763901,-0.00023938577007720507,0.03518984292740357,0.0031667535700762306,-0.03945095373116747,1
2026-10-07T01:10:46.146243+00:00,XLV,IQV,259.98,36.0,0.14312312312312309,608,-0.006274014059489907,0.28020201358747965,-0.00023938577007720507,0.03518984292740357,-0.006034628289412702,0.24501217066007608,1
2026-10-07T01:10:46.871133+00:00,XLV,VEEV,283.5,26.0,0.11593807170357429,846,0.03039011225574373,0.49090058640237366,-0.00023938577007720507,0.03518984292740357,0.030629498025820934,0.4557107434749701,1
2026-10-07T01:10:47.489994+00:00,XLV,WAT,436.46,2.0,0.24008976341319904,370,0.08319473011095191,0.16936389059625712,-0.00023938577007720507,0.03518984292740357,0.08343411588102911,0.13417404766885355,1
2026-10-07T01:10:48.181025+00:00,XLV,IDXX,515.41,6.0,0.2778172853553311,450,-0.009227136397570779,-0.08649270117093033,-0.00023938577007720507,0.03518984292740357,-0.008987750627493574,-0.1216825440983339,1
2026-10-07T01:10:48.807783+00:00,XLV,ILMN,273.0,28.0,0.12128844152123908,642,0.2960296205299757,0.4393054677848469,-0.00023938577007720507,0.03518984292740357,0.29626900630005293,0.40411562485744335,1
2026-10-07T01:10:49.484412+00:00,XLV,BIIB,222.89,5.0,0.5426150121065376,1222,0.04889411477481609,0.06630627513415233,-0.00023938577007720507,0.03518984292740357,0.049133500544893294,0.031116432206748756,1
2026-10-07T01:10:50.154310+00:00,XLV,DXCM,83.39,4.0,0.6938848279550722,814,-0.013486329186220725,0.09220695554975755,-0.00023938577007720507,0.03518984292740357,-0.01324694341614352,0.05701711262235398,1
2026-10-07T01:10:50.819505+00:00,XLV,RMD,221.23,32.0,0.18618226983387676,316,-0.0016285935552204922,0.11178842539751255,-0.00023938577007720507,0.03518984292740357,-0.0013892077851432871,0.07659858247010898,1
2026-10-07T01:10:51.523120+00:00,XLV,CNC,64.61,130.0,0.17920744424835555,854,0.00046452118993989266,-0.05388783505403416,-0.00023938577007720507,0.03518984292740357,0.0007039069600170977,-0.08907767798143773,1
2026-10-07T01:10:51.944159+00:00,XLV,MTD,,,,0,0.1565800015839891,0.17971105840358836,-0.00023938577007720507,0.03518984292740357,0.1568193873540663,0.1445212154761848,1
2026-10-07T01:10:52.303980+00:00,XLV,GEHC,,,,0,-0.04530936274945385,0.01607420347112698,-0.00023938577007720507,0.03518984292740357,-0.04506997697937665,-0.01911563945627659,1
2026-10-07T01:10:52.672975+00:00,XLV,ZTS,,,,0,-0.05803975779162385,-0.05492316080696302,-0.00023938577007720507,0.03518984292740357,-0.05780037202154664,-0.09011300373436659,1
2026-10-07T01:10:53.137090+00:00,XLV,WST,,,,0,0.10330130169781637,0.03597442869687306,-0.00023938577007720507,0.03518984292740357,0.10354068746789358,0.0007845857694694924,1
2026-10-07T01:10:53.582702+00:00,XLV,DGX,,,,0,-0.030191085394274175,0.10147090748398147,-0.00023938577007720507,0.03518984292740357,-0.02995169962419697,0.0662810645565779,1
2026-10-07T01:10:53.943555+00:00,XLV,LH,,,,0,-0.04047895859581929,0.12660835516338076,-0.00023938577007720507,0.03518984292740357,-0.04023957282574209,0.09141851223597719,1
2026-10-07T01:10:54.300454+00:00,XLV,STE,,,,0,-0.04481783755495017,-0.03870080182984548,-0.00023938577007720507,0.03518984292740357,-0.04457845178487296,-0.07389064475724905,1
2026-10-07T01:10:54.670048+00:00,XLV,VTRS,,,,0,0.055990383564236135,0.0701648303053155,-0.00023938577007720507,0.03518984292740357,0.05622976933431334,0.03497498737791194,1
2026-10-07T01:10:55.038811+00:00,XLV,INCY,,,,0,-0.09381027351931026,-0.013131401172360668,-0.00023938577007720507,0.03518984292740357,-0.09357088774923306,-0.04832124409976424,1
2026-10-07T01:10:55.404072+00:00,XLV,ZBH,,,,0,-0.04818510779778851,-0.04676872279169664,-0.00023938577007720507,0.03518984292740357,-0.0479457220277113,-0.08195856571910021,1
2026-10-07T01:10:55.770379+00:00,XLV,RVTY,,,,0,0.20632672995677992,0.3797138170249963,-0.00023938577007720507,0.03518984292740357,0.20656611572685712,0.3445239740975927,1
2026-10-07T01:10:56.205376+00:00,XLV,CRL,,,,0,0.08619454640158675,0.32735578435289714,-0.00023938577007720507,0.03518984292740357,0.08643393217166395,0.29216594142549357,1
2026-10-07T01:10:56.666959+00:00,XLV,SOLV,,,,0,-0.03991715088510628,0.1477184130620015,-0.00023938577007720507,0.03518984292740357,-0.03967776511502907,0.11252857013459794,1
2026-10-07T01:10:57.031222+00:00,XLV,BAX,,,,0,-0.020112630238303453,0.07930885864999948,-0.00023938577007720507,0.03518984292740357,-0.019873244468226248,0.04411901572259591,1
2026-10-07T01:10:57.392416+00:00,XLV,TECH,,,,0,0.0016595595440975774,0.014994390214018605,-0.00023938577007720507,0.03518984292740357,0.0018989453141747825,-0.020195452713384965,1
2026-10-07T01:10:57.767250+00:00,XLV,COO,,,,0,-0.16634660555637204,-0.20877733389459086,-0.00023938577007720507,0.03518984292740357,-0.16610721978629484,-0.24396717682199442,1
2026-10-07T01:10:58.140355+00:00,XLV,ALGN,,,,0,-0.07844164514971042,-0.21673403944488734,-0.00023938577007720507,0.03518984292740357,-0.07820225937963321,-0.2519238823722909,1
2026-10-07T01:10:58.505941+00:00,XLV,PODD,,,,0,-0.0530644019998151,-0.16864125782288353,-0.00023938577007720507,0.03518984292740357,-0.0528250162297379,-0.2038311007502871,1
2026-10-07T01:10:58.876454+00:00,XLV,UHS,,,,0,0.030193742857845374,0.15912808063576112,-0.00023938577007720507,0.03518984292740357,0.03043312862792258,0.12393823770835755,1
2026-10-07T01:10:59.331018+00:00,XLV,HSIC,,,,0,-0.04523975067351771,-0.011073604936455705,-0.00023938577007720507,0.03518984292740357,-0.045000364903440504,-0.046263447863859275,1
2026-10-07T01:10:59.700567+00:00,XLV,DVA,,,,0,0.001888239156395466,-0.2342304419122233,-0.00023938577007720507,0.03518984292740357,0.002127624926472671,-0.2694202848396269,1
2026-10-07T01:11:00.350478+00:00,XLY,AMZN,257.25,214.0,0.043677065968087486,2476,-0.002646194779744815,0.03631074794782818,-0.01991399847010522,-0.03722853895846667,0.017267803690360406,0.07353928690629485,1
2026-10-07T01:11:00.716537+00:00,XLY,TSLA,,,,0,0.03400692331903188,-0.03566728326459223,-0.01991399847010522,-0.03722853895846667,0.0539209217891371,0.0015612556938744415,1
2026-10-07T01:11:01.084708+00:00,XLY,HD,,,,0,-0.08610139851636134,-0.14956537955283256,-0.01991399847010522,-0.03722853895846667,-0.06618740004625612,-0.11233684059436588,1
2026-10-07T01:11:01.455148+00:00,XLY,MCD,,,,0,-0.09131777816854447,-0.1473166448819888,-0.01991399847010522,-0.03722853895846667,-0.07140377969843925,-0.11008810592352214,1
2026-10-07T01:11:01.818576+00:00,XLY,TJX,,,,0,0.06290723491729877,-0.08968312037119819,-0.01991399847010522,-0.03722853895846667,0.08282123338740399,-0.052454581412731516,1
2026-10-07T01:11:02.181449+00:00,XLY,BKNG,,,,0,-0.1257348740168216,-0.10335607425214788,-0.01991399847010522,-0.03722853895846667,-0.10582087554671638,-0.0661275352936812,1
2026-10-07T01:11:02.542534+00:00,XLY,SBUX,,,,0,-0.057837480661942164,-0.10462079477055952,-0.01991399847010522,-0.03722853895846667,-0.037923482191836944,-0.06739225581209285,1
2026-10-07T01:11:02.913466+00:00,XLY,LOW,,,,0,-0.08530878796051167,-0.11569571079620689,-0.01991399847010522,-0.03722853895846667,-0.06539478949040645,-0.07846717183774021,1
2026-10-07T01:11:03.280283+00:00,XLY,MAR,,,,0,0.09881684172265826,-0.0043817244723614035,-0.01991399847010522,-0.03722853895846667,0.11873084019276348,0.03284681448610527,1
2026-10-07T01:11:03.712915+00:00,XLY,ROST,,,,0,-0.02224059525980071,0.021644034697370085,-0.01991399847010522,-0.03722853895846667,-0.0023265967896954898,0.05887257365583676,1
2026-10-07T01:11:04.079002+00:00,XLY,HLT,,,,0,0.015875064456837507,-0.05770840358631568,-0.01991399847010522,-0.03722853895846667,0.03578906292694273,-0.02047986462784901,1
2026-10-07T01:11:04.442685+00:00,XLY,GM,,,,0,-0.04406106468070592,0.0689520442043452,-0.01991399847010522,-0.03722853895846667,-0.0241470662106007,0.10618058316281187,1
2026-10-07T01:11:04.834882+00:00,XLY,ORLY,,,,0,-0.008732099258698889,-0.02451878345071712,-0.01991399847010522,-0.03722853895846667,0.011181899211406332,0.012709755507749554,1
2026-10-07T01:11:05.268699+00:00,XLY,DASH,,,,0,-0.09427096707054805,-0.0002606769359220218,-0.01991399847010522,-0.03722853895846667,-0.07435696860044283,0.03696786202254465,1
2026-10-07T01:11:05.713672+00:00,XLY,ABNB,,,,0,-0.09821916498513039,0.10395648442088068,-0.01991399847010522,-0.03722853895846667,-0.07830516651502517,0.14118502337934735,1
2026-10-07T01:11:06.078606+00:00,XLY,RCL,,,,0,0.09179583659469515,0.0005890767345670955,-0.01991399847010522,-0.03722853895846667,0.11170983506480037,0.03781761569303377,1
2026-10-07T01:11:06.504309+00:00,XLY,F,,,,0,-0.12285716193062923,-0.11335744442282325,-0.01991399847010522,-0.03722853895846667,-0.10294316346052401,-0.07612890546435658,1
2026-10-07T01:11:06.877064+00:00,XLY,GRMN,,,,0,0.012804697014949573,0.1461351781763176,-0.01991399847010522,-0.03722853895846667,0.032718695485054794,0.18336371713478428,1
2026-10-07T01:11:07.248899+00:00,XLY,AZO,,,,0,-0.01796986632114106,-0.05859405168393106,-0.01991399847010522,-0.03722853895846667,0.0019441321489641616,-0.021365512725464386,1
2026-10-07T01:11:07.723617+00:00,XLY,CVNA,,,,0,-0.14572993230817066,-0.03205226419052276,-0.01991399847010522,-0.03722853895846667,-0.12581593383806544,0.005176274767943911,1
2026-10-07T01:11:08.170733+00:00,XLY,EBAY,,,,0,0.02361603697473602,-0.06977147480065726,-0.01991399847010522,-0.03722853895846667,0.04353003544484124,-0.03254293584219059,1
2026-10-07T01:11:08.549893+00:00,XLY,NKE,,,,0,-0.09160099746828243,-0.20909501970156963,-0.01991399847010522,-0.03722853895846667,-0.07168699899817721,-0.17186648074310296,1
2026-10-07T01:11:08.911735+00:00,XLY,CMG,,,,0,-0.16396102857286765,-0.15642919144145673,-0.01991399847010522,-0.03722853895846667,-0.14404703010276243,-0.11920065248299005,1
2026-10-07T01:11:09.281646+00:00,XLY,YUM,,,,0,-0.06467793809264821,-0.13508162622005193,-0.01991399847010522,-0.03722853895846667,-0.04476393962254299,-0.09785308726158526,1
2026-10-07T01:11:09.642147+00:00,XLY,DHI,,,,0,-0.012564123215735967,-0.08128992682137248,-0.01991399847010522,-0.03722853895846667,0.007349875254369254,-0.04406138786290581,1
2026-10-07T01:11:10.065277+00:00,XLY,CCL,,,,0,0.1456896142075106,-0.0011274214940768523,-0.01991399847010522,-0.03722853895846667,0.1656036126776158,0.03610111746438982,1
2026-10-07T01:11:10.420947+00:00,XLY,EXPE,,,,0,-0.05274077986726766,-0.020931361127846437,-0.01991399847010522,-0.03722853895846667,-0.03282678139716244,0.016297177830620235,1
2026-10-07T01:11:10.797502+00:00,XLY,WSM,,,,0,0.06329279749397676,0.11816296711158625,-0.01991399847010522,-0.03722853895846667,0.08320679596408198,0.15539150607005292,1
2026-10-07T01:11:11.243894+00:00,XLY,TPR,,,,0,-0.007059039106388831,-0.1423639476065235,-0.01991399847010522,-0.03722853895846667,0.01285495936371639,-0.10513540864805682,1
2026-10-07T01:11:11.612388+00:00,XLY,ULTA,,,,0,-0.0035322224029914473,0.1562546078913729,-0.01991399847010522,-0.03722853895846667,0.016381776067113774,0.19348314684983958,1
2026-10-07T01:11:11.975000+00:00,XLY,DRI,,,,0,-0.04593273935469766,0.03279270358524511,-0.01991399847010522,-0.03722853895846667,-0.02601874088459244,0.07002124254371178,1
2026-10-07T01:11:12.340625+00:00,XLY,PHM,,,,0,-0.03306405622381503,-0.061818194148516414,-0.01991399847010522,-0.03722853895846667,-0.01315005775370981,-0.024589655190049742,1
2026-10-07T01:11:12.785867+00:00,XLY,BBY,,,,0,-0.05015116159301547,0.03919163366124301,-0.01991399847010522,-0.03722853895846667,-0.03023716312291025,0.07642017261970968,1
2026-10-07T01:11:13.155161+00:00,XLY,GPC,,,,0,-0.049828438212943804,0.03125000579060688,-0.01991399847010522,-0.03722853895846667,-0.029914439742838583,0.06847854474907356,1
2026-10-07T01:11:13.524063+00:00,XLY,TSCO,,,,0,-0.0850099156183366,0.067791043648324,-0.01991399847010522,-0.03722853895846667,-0.06509591714823137,0.10501958260679067,1
2026-10-07T01:11:14.240008+00:00,XLY,LEN,77.56,31.0,0.1973451327433629,962,-0.036829650159474925,-0.06554795890662779,-0.01991399847010522,-0.03722853895846667,-0.016915651689369704,-0.028319419948161118,1
2026-10-07T01:11:14.603615+00:00,XLY,NVR,,,,0,-0.011486247387611503,-0.06079383821195661,-0.01991399847010522,-0.03722853895846667,0.008427751082493717,-0.023565299253489935,1
2026-10-07T01:11:15.046765+00:00,XLY,RL,,,,0,0.06174582197116152,-0.015541074416964173,-0.01991399847010522,-0.03722853895846667,0.08165982044126674,0.0216874645415025,1
2026-10-07T01:11:15.415839+00:00,XLY,HAS,,,,0,0.007972552764559548,0.14459952441233614,-0.01991399847010522,-0.03722853895846667,0.02788655123466477,0.18182806337080282,1
2026-10-07T01:11:15.780658+00:00,XLY,DECK,,,,0,-0.011380082680101045,-0.24248607281669454,-0.01991399847010522,-0.03722853895846667,0.008533915790004176,-0.20525753385822787,1
2026-10-07T01:11:16.154204+00:00,XLY,LULU,,,,0,-0.09283846888650327,-0.22186202630371632,-0.01991399847010522,-0.03722853895846667,-0.07292447041639805,-0.18463348734524965,1
2026-10-07T01:11:16.518458+00:00,XLY,DPZ,,,,0,-0.09701561727330754,-0.022527064220861148,-0.01991399847010522,-0.03722853895846667,-0.07710161880320232,0.014701474737605524,1
2026-10-07T01:11:17.207267+00:00,XLY,LVS,36.31,21.0,0.35512930030286555,764,-0.17439741356930683,-0.20893245825233686,-0.01991399847010522,-0.03722853895846667,-0.1544834150992016,-0.1717039192938702,1
2026-10-07T01:11:17.583585+00:00,XLY,APTV,,,,0,-0.022086121400468506,-0.2449771810514073,-0.01991399847010522,-0.03722853895846667,-0.002172122930363285,-0.20774864209294064,1
2026-10-07T01:11:17.969385+00:00,XLY,NCLH,,,,0,-0.04495824168177931,-0.24171344096187175,-0.01991399847010522,-0.03722853895846667,-0.02504424321167409,-0.20448490200340508,1
2026-10-07T01:11:18.337044+00:00,XLY,WYNN,,,,0,-0.16916068388230443,-0.21116025004432082,-0.01991399847010522,-0.03722853895846667,-0.1492466854121992,-0.17393171108585415,1
2026-10-07T01:11:18.700647+00:00,XLY,MGM,,,,0,-0.2503681969245152,-0.35351397480055,-0.01991399847010522,-0.03722853895846667,-0.23045419845440995,-0.31628543584208335,1
2026-10-07T01:11:19.062045+00:00,XLP,WMT,,,,0,0.010843883671772359,-0.06603939633794376,-0.026422205189314263,-0.03298254411772661,0.03726608886108662,-0.03305685222021715,1
2026-10-07T01:11:19.497725+00:00,XLP,COST,,,,0,0.028016436534749722,0.00998456448207552,-0.026422205189314263,-0.03298254411772661,0.054438641724063985,0.04296710859980213,1
2026-10-07T01:11:19.930878+00:00,XLP,PG,,,,0,0.01943949577867765,0.00026965388042432537,-0.026422205189314263,-0.03298254411772661,0.045861700967991914,0.033252197998150934,1
2026-10-07T01:11:20.292466+00:00,XLP,KO,,,,0,-0.02478499803393719,0.022789295773831597,-0.026422205189314263,-0.03298254411772661,0.001637207155377074,0.055771839891558206,1
2026-10-07T01:11:20.722935+00:00,XLP,PM,,,,0,0.03069343528437085,0.056662363709097496,-0.026422205189314263,-0.03298254411772661,0.057115640473685114,0.0896449078268241,1
2026-10-07T01:11:21.155601+00:00,XLP,TGT,,,,0,-0.05150270135228441,0.14513613518220136,-0.026422205189314263,-0.03298254411772661,-0.025080496162970145,0.17811867929992797,1
2026-10-07T01:11:21.518814+00:00,XLP,MO,,,,0,0.005574371321981575,-0.04619451186791712,-0.026422205189314263,-0.03298254411772661,0.03199657651129584,-0.013211967750190512,1
2026-10-07T01:11:21.886272+00:00,XLP,CL,,,,0,-0.013120728583416286,-0.06394162796924108,-0.026422205189314263,-0.03298254411772661,0.013301476605897977,-0.03095908385151447,1
2026-10-07T01:11:22.337444+00:00,XLP,MDLZ,,,,0,-0.03261402079174003,-0.004009383161036828,-0.026422205189314263,-0.03298254411772661,-0.006191815602425765,0.02897316095668978,1
2026-10-07T01:11:22.732871+00:00,XLP,PEP,,,,0,-0.09201876594141223,-0.09228107373656091,-0.026422205189314263,-0.03298254411772661,-0.06559656075209797,-0.059298529618834306,1
2026-10-07T01:11:23.101432+00:00,XLP,MNST,,,,0,0.0023174616589787256,-0.1088904885964248,-0.026422205189314263,-0.03298254411772661,0.02873966684829299,-0.0759079444786982,1
2026-10-07T01:11:23.475431+00:00,XLP,KDP,,,,0,-0.04362519537871978,-0.0038400268554688033,-0.026422205189314263,-0.03298254411772661,-0.01720299018940552,0.029142517262257805,1
2026-10-07T01:11:23.837095+00:00,XLP,ADM,,,,0,-0.027100602550619413,0.0020721375798173902,-0.026422205189314263,-0.03298254411772661,-0.0006783973613051497,0.035054681697544,1
2026-10-07T01:11:24.214055+00:00,XLP,SYY,,,,0,-0.02993486346785046,-0.07201057035895175,-0.026422205189314263,-0.03298254411772661,-0.003512658278536196,-0.039028026241225144,1
2026-10-07T01:11:24.654054+00:00,XLP,KR,,,,0,0.021153829865971474,-0.015174532204347613,-0.026422205189314263,-0.03298254411772661,0.04757603505528574,0.017808011913378996,1
2026-10-07T01:11:25.013347+00:00,XLP,KVUE,,,,0,-0.07203844172668183,-0.1072895380750074,-0.026422205189314263,-0.03298254411772661,-0.04561623653736757,-0.0743069939572808,1
2026-10-07T01:11:25.377574+00:00,XLP,KMB,,,,0,-0.059846533020943005,-0.1217099621071559,-0.026422205189314263,-0.03298254411772661,-0.03342432783162874,-0.08872741798942929,1
2026-10-07T01:11:25.747498+00:00,XLP,DG,,,,0,-0.035974083089933995,-0.0013772342431744855,-0.026422205189314263,-0.03298254411772661,-0.009551877900619732,0.03160530987455212,1
2026-10-07T01:11:26.119562+00:00,XLP,HSY,,,,0,-0.07196860918347114,-0.08240128959576831,-0.026422205189314263,-0.03298254411772661,-0.04554640399415688,-0.049418745478041703,1
2026-10-07T01:11:26.486315+00:00,XLP,CASY,,,,0,-0.15363536509257336,-0.27738330178677917,-0.026422205189314263,-0.03298254411772661,-0.1272131599032591,-0.24440075766905256,1
2026-10-07T01:11:26.904611+00:00,XLP,CHD,,,,0,0.0,-0.006381254870452602,-0.026422205189314263,-0.03298254411772661,0.026422205189314263,0.026601289247274007,1
2026-10-07T01:11:27.558057+00:00,XLP,EL,93.36,9.0,0.2426408746846089,998,-0.0819156419615038,0.15046209309779068,-0.026422205189314263,-0.03298254411772661,-0.05549343677218954,0.1834446372155173,1
2026-10-07T01:11:28.015933+00:00,XLP,DLTR,,,,0,-0.06328602399371985,-0.08062980719629764,-0.026422205189314263,-0.03298254411772661,-0.03686381880440559,-0.047647263078571034,1
2026-10-07T01:11:28.385888+00:00,XLP,KHC,,,,0,-0.12112676791451271,-0.12112676791451271,-0.026422205189314263,-0.03298254411772661,-0.09470456272519845,-0.0881442237967861,1
2026-10-07T01:11:28.753269+00:00,XLP,STZ,,,,0,-0.043891593987825384,-0.1400639142612794,-0.026422205189314263,-0.03298254411772661,-0.01746938879851112,-0.10708137014355279,1
2026-10-07T01:11:29.139636+00:00,XLP,GIS,,,,0,-0.14619258483147168,-0.12076498232836208,-0.026422205189314263,-0.03298254411772661,-0.11977037964215742,-0.08778243821063547,1
2026-10-07T01:11:29.503785+00:00,XLP,BG,,,,0,-0.13366694358041475,-0.08577512405401844,-0.026422205189314263,-0.03298254411772661,-0.10724473839110049,-0.05279257993629183,1
2026-10-07T01:11:29.863153+00:00,XLP,TSN,,,,0,-0.0059295632332055925,-0.10272785111088567,-0.026422205189314263,-0.03298254411772661,0.02049264195610867,-0.06974530699315906,1
2026-10-07T01:11:30.236683+00:00,XLP,SJM,,,,0,-0.06305150312409802,0.05672671982002542,-0.026422205189314263,-0.03298254411772661,-0.036629297934783756,0.08970926393775203,1
2026-10-07T01:11:30.621793+00:00,XLP,MKC,,,,0,-0.12524084410207392,-0.15534880882085755,-0.026422205189314263,-0.03298254411772661,-0.09881863891275966,-0.12236626470313094,1
2026-10-07T01:11:30.979457+00:00,XLP,CLX,,,,0,-0.08820962844598146,-0.12130464006837482,-0.026422205189314263,-0.03298254411772661,-0.061787423256667195,-0.08832209595064822,1
2026-10-07T01:11:31.342677+00:00,XLP,HRL,,,,0,-0.0627062697366978,-0.187244484674305,-0.026422205189314263,-0.03298254411772661,-0.03628406454738353,-0.15426194055657838,1
2026-10-07T01:11:31.717562+00:00,XLP,BF.B,,,,0,-0.0015156881054874116,0.003809538341703833,-0.026422205189314263,-0.03298254411772661,0.02490651708382685,0.03679208245943044,1
2026-10-07T01:11:32.083616+00:00,XLI,CAT,,,,0,0.049800630951907454,-0.07303506328858456,-0.016282515581382828,-0.04873312371285421,0.06608314653329028,-0.024301939575730347,1
2026-10-07T01:11:32.458462+00:00,XLI,GE,,,,0,-0.0761995423684596,-0.12458264135146357,-0.016282515581382828,-0.04873312371285421,-0.05991702678707678,-0.07584951763860937,1
2026-10-07T01:11:32.830297+00:00,XLI,GEV,,,,0,0.051011186549470455,-0.09304941624159135,-0.016282515581382828,-0.04873312371285421,0.06729370213085328,-0.044316292528737145,1
2026-10-07T01:11:33.203401+00:00,XLI,RTX,,,,0,-0.07806450612669436,-0.06670403861820118,-0.016282515581382828,-0.04873312371285421,-0.06178199054531153,-0.01797091490534697,1
2026-10-07T01:11:33.566436+00:00,XLI,ETN,,,,0,0.05439080659867335,0.10485289709421308,-0.016282515581382828,-0.04873312371285421,0.07067332218005618,0.1535860208070673,1
2026-10-07T01:11:33.937895+00:00,XLI,DE,,,,0,0.0030261595899967464,0.16588682629076468,-0.016282515581382828,-0.04873312371285421,0.019308675171379575,0.2146199500036189,1
2026-10-07T01:11:34.309201+00:00,XLI,UNP,,,,0,-0.041047066577937,-0.043302387575874346,-0.016282515581382828,-0.04873312371285421,-0.02476455099655417,0.0054307361369798635,1
2026-10-07T01:11:34.670490+00:00,XLI,BA,,,,0,-0.0992264453436218,-0.11920554887213042,-0.016282515581382828,-0.04873312371285421,-0.08294392976223897,-0.07047242515927621,1
2026-10-07T01:11:35.036804+00:00,XLI,UBER,,,,0,-0.08289332896274582,-0.06788298224369493,-0.016282515581382828,-0.04873312371285421,-0.06661081338136299,-0.019149858530840724,1
2026-10-07T01:11:35.400778+00:00,XLI,PH,,,,0,0.030380677472550577,0.03537409649670553,-0.016282515581382828,-0.04873312371285421,0.046663193053933405,0.08410722020955974,1
2026-10-07T01:11:35.760778+00:00,XLI,ADP,,,,0,-0.020898665032441754,0.04505071564358021,-0.016282515581382828,-0.04873312371285421,-0.004616149451058926,0.09378383935643442,1
2026-10-07T01:11:36.133134+00:00,XLI,LMT,,,,0,-0.04854989855744618,-0.020281166373084192,-0.016282515581382828,-0.04873312371285421,-0.03226738297606335,0.028451957339770018,1
2026-10-07T01:11:36.596224+00:00,XLI,TT,,,,0,0.06813904629694512,-0.007313980605725967,-0.016282515581382828,-0.04873312371285421,0.08442156187832794,0.04141914310712824,1
2026-10-07T01:11:37.041487+00:00,XLI,PWR,,,,0,0.1259839000133236,0.11266427087717057,-0.016282515581382828,-0.04873312371285421,0.14226641559470643,0.16139739459002478,1
2026-10-07T01:11:37.818036+00:00,XLI,VRT,253.75,156.0,0.14704635387224413,1684,-0.0959255829294765,-0.2046038801715554,-0.016282515581382828,-0.04873312371285421,-0.07964306734809368,-0.1558707564587012,1
2026-10-07T01:11:38.180903+00:00,XLI,JCI,,,,0,0.08464849219765758,0.1030362161169629,-0.016282515581382828,-0.04873312371285421,0.1009310077790404,0.1517693398298171,1
2026-10-07T01:11:38.625731+00:00,XLI,HWM,,,,0,0.00030236826583096565,-0.1462695106691717,-0.016282515581382828,-0.04873312371285421,0.016584883847213794,-0.0975363869563175,1
2026-10-07T01:11:38.984985+00:00,XLI,EMR,,,,0,0.06079527026661102,0.19219964599790984,-0.016282515581382828,-0.04873312371285421,0.07707778584799385,0.24093276971076405,1
2026-10-07T01:11:39.447939+00:00,XLI,CSX,,,,0,-0.030612244897959218,-0.04311038307737569,-0.016282515581382828,-0.04873312371285421,-0.01432972931657639,0.005622740635478518,1
2026-10-07T01:11:39.803553+00:00,XLI,GD,,,,0,-0.07081160174670309,-0.11119162064156662,-0.016282515581382828,-0.04873312371285421,-0.05452908616532026,-0.062458496928712415,1
2026-10-07T01:11:40.171975+00:00,XLI,MMM,,,,0,-0.02316144211948512,0.037666471505105825,-0.016282515581382828,-0.04873312371285421,-0.006878926538102292,0.08639959521796003,1
2026-10-07T01:11:40.549488+00:00,XLI,BE,,,,0,0.13358642556085876,0.1718653905450902,-0.016282515581382828,-0.04873312371285421,0.14986894114224159,0.2205985142579444,1
2026-10-07T01:11:40.921334+00:00,XLI,WM,,,,0,-0.0454586920377259,-0.12179460526949382,-0.016282515581382828,-0.04873312371285421,-0.029176176456343073,-0.07306148155663961,1
2026-10-07T01:11:41.290849+00:00,XLI,CMI,,,,0,-0.046727790588162454,-0.19428349951669055,-0.016282515581382828,-0.04873312371285421,-0.030445275006779626,-0.14555037580383634,1
2026-10-07T01:11:41.656277+00:00,XLI,UPS,,,,0,-0.0733479548204401,-0.1752148010119542,-0.016282515581382828,-0.04873312371285421,-0.05706543923905727,-0.12648167729909998,1
2026-10-07T01:11:42.025124+00:00,XLI,NSC,,,,0,-0.03540502376717303,-0.034433282167939505,-0.016282515581382828,-0.04873312371285421,-0.0191225081857902,0.014299841544914704,1
2026-10-07T01:11:42.391664+00:00,XLI,HON,,,,0,0.02223391040092637,-0.04220474637935878,-0.016282515581382828,-0.04873312371285421,0.0385164259823092,0.006528377333495428,1
2026-10-07T01:11:42.762111+00:00,XLI,ITW,,,,0,-0.005768684278853131,-0.016058877906307556,-0.016282515581382828,-0.04873312371285421,0.010513831302529697,0.03267424580654665,1
2026-10-07T01:11:43.130482+00:00,XLI,CTAS,,,,0,-0.022643358035575156,0.0664490161298894,-0.016282515581382828,-0.04873312371285421,-0.006360842454192328,0.11518213984274361,1
2026-10-07T01:11:43.863158+00:00,XLI,NOC,483.11,32.0,0.1885681835555701,1468,-0.06839837743330568,-0.10835705802485229,-0.016282515581382828,-0.04873312371285421,-0.05211586185192285,-0.059623934311998084,1
2026-10-07T01:11:44.226525+00:00,XLI,URI,,,,0,0.06447197347128775,-0.004348840779633156,-0.016282515581382828,-0.04873312371285421,0.08075448905267057,0.04438428293322105,1
2026-10-07T01:11:44.589907+00:00,XLI,FDX,,,,0,-0.07990324296744367,-0.07875945758976688,-0.016282515581382828,-0.04873312371285421,-0.06362072738606084,-0.03002633387691267,1
2026-10-07T01:11:44.948182+00:00,XLI,TDG,,,,0,-0.03651087033805722,-0.10661542019863357,-0.016282515581382828,-0.04873312371285421,-0.020228354756674394,-0.05788229648577936,1
2026-10-07T01:11:45.337292+00:00,XLI,FIX,,,,0,0.10281654700818255,0.04961226432979848,-0.016282515581382828,-0.04873312371285421,0.11909906258956537,0.09834538804265269,1
2026-10-07T01:11:45.712767+00:00,XLI,PCAR,,,,0,-0.10759183922592475,-0.12023178967136194,-0.016282515581382828,-0.04873312371285421,-0.09130932364454192,-0.07149866595850773,1
2026-10-07T01:11:46.071547+00:00,XLI,FAST,,,,0,0.02895909830385035,0.07991503075878414,-0.016282515581382828,-0.04873312371285421,0.04524161388523318,0.12864815447163835,1
2026-10-07T01:11:46.438377+00:00,XLI,AME,,,,0,0.06712654392077844,0.09314948103682985,-0.016282515581382828,-0.04873312371285421,0.08340905950216126,0.14188260474968406,1
2026-10-07T01:11:46.798267+00:00,XLI,GWW,,,,0,-0.010557168478652512,-0.08343871481634857,-0.016282515581382828,-0.04873312371285421,0.005725347102730316,-0.03470559110349436,1
2026-10-07T01:11:47.179927+00:00,XLI,DAL,,,,0,0.05952386818810096,-0.029353738341251545,-0.016282515581382828,-0.04873312371285421,0.07580638376948379,0.019379385371602664,1
2026-10-07T01:11:47.545559+00:00,XLI,ROK,,,,0,0.05035766575554135,-0.02108811318326198,-0.016282515581382828,-0.04873312371285421,0.06664018133692418,0.02764501052959223,1
2026-10-07T01:11:47.909310+00:00,XLI,HONA,,,,0,-0.03273081916320497,-0.29449601135599524,-0.016282515581382828,-0.04873312371285421,-0.016448303581822143,-0.24576288764314103,1
2026-10-07T01:11:48.277945+00:00,XLI,WAB,,,,0,0.02358935196738332,0.11615433570507716,-0.016282515581382828,-0.04873312371285421,0.03987186754876615,0.16488745941793137,1
2026-10-07T01:11:48.665632+00:00,XLI,CARR,,,,0,-0.06665549494659617,-0.19627916807686874,-0.016282515581382828,-0.04873312371285421,-0.050372979365213344,-0.14754604436401453,1
2026-10-07T01:11:49.035583+00:00,XLI,LHX,,,,0,-0.06975839216972468,-0.17593268944334306,-0.016282515581382828,-0.04873312371285421,-0.05347587658834185,-0.12719956573048885,1
2026-10-07T01:11:49.800268+00:00,XLI,FERG,223.33,30.0,0.21589253924583263,330,-0.013124176671017729,-0.0422831189464441,-0.016282515581382828,-0.04873312371285421,0.0031583389103650994,0.006450004766410111,1
2026-10-07T01:11:50.163116+00:00,XLI,RSG,,,,0,-0.031087845679070192,-0.03867848151485653,-0.016282515581382828,-0.04873312371285421,-0.014805330097687364,0.010054642197997676,1
2026-10-07T01:11:50.522329+00:00,XLI,UAL,,,,0,0.033536631138714634,-0.07667547569109745,-0.016282515581382828,-0.04873312371285421,0.04981914672009746,-0.02794235197824324,1
2026-10-07T01:11:50.882448+00:00,XLI,AXON,,,,0,-0.171754741144299,-0.23474037493835453,-0.016282515581382828,-0.04873312371285421,-0.15547222556291618,-0.18600725122550033,1
2026-10-07T01:11:51.248017+00:00,XLI,EME,,,,0,0.06642874459451309,0.07794482051802554,-0.016282515581382828,-0.04873312371285421,0.08271126017589592,0.12667794423087975,1
2026-10-07T01:11:51.688589+00:00,XLI,ODFL,,,,0,-0.04807224479142147,-0.23563757433336652,-0.016282515581382828,-0.04873312371285421,-0.03178972921003864,-0.1869044506205123,1
2026-10-07T01:11:52.359900+00:00,XLI,PAYX,101.02,126.0,0.3728249194414607,500,-0.13606434294523073,-0.08785556078495349,-0.016282515581382828,-0.04873312371285421,-0.1197818273638479,-0.03912243707209928,1
2026-10-07T01:11:53.024394+00:00,XLI,IR,79.21,28.0,0.33333333333333337,262,0.02867996888294111,-0.0038046344726530013,-0.016282515581382828,-0.04873312371285421,0.04496248446432394,0.04492848924020121,1
2026-10-07T01:11:53.587623+00:00,XLI,DOV,191.88,16.0,0.3075010360547037,396,-0.014686251051029942,-0.10449432465207686,-0.016282515581382828,-0.04873312371285421,0.0015962645303528866,-0.055761200939222655,1
2026-10-07T01:11:54.274132+00:00,XLI,HUBB,485.41,6.0,0.28540327162893625,542,0.044454015410670955,0.01756703960810979,-0.016282515581382828,-0.04873312371285421,0.06073653099205378,0.066300163320964,1
2026-10-07T01:11:54.928348+00:00,XLI,OTIS,66.45,233.0,0.6061224489795919,160,-0.07484906473221531,-0.09864549795763111,-0.016282515581382828,-0.04873312371285421,-0.05856654915083248,-0.0499123742447769,1
2026-10-07T01:11:55.604271+00:00,XLI,EXPD,191.8,14.0,0.2520754716981133,210,0.03140458231363974,0.09287751026642632,-0.016282515581382828,-0.04873312371285421,0.04768709789502257,0.14161063397928053,1
2026-10-07T01:11:56.120786+00:00,XLI,XYL,104.57,56.0,0.22407999344316037,338,-0.038966987950590726,-0.1372823984434801,-0.016282515581382828,-0.04873312371285421,-0.022684472369207898,-0.0885492747306259,1
2026-10-07T01:11:57.120440+00:00,XLI,VLTO,96.45,7.0,0.4877064220183487,150,0.0026996380731116876,0.041747603818614865,-0.016282515581382828,-0.04873312371285421,0.018982153654494516,0.09048072753146907,1
2026-10-07T01:11:57.789521+00:00,XLI,CPRT,26.82,343.0,0.1929499072356215,370,-0.17730058435080054,-0.022950857945541636,-0.016282515581382828,-0.04873312371285421,-0.1610180687694177,0.025782265767312573,1
2026-10-07T01:11:58.410166+00:00,XLI,VRSK,165.2,6.0,0.30068579155800246,218,-0.058635866561202565,-0.14726681158565313,-0.016282515581382828,-0.04873312371285421,-0.04235335097981974,-0.09853368787279893,1
2026-10-07T01:11:59.185805+00:00,XLI,LUV,42.43,351.0,0.1540979208584843,702,0.09775026565762146,-0.11414853119820667,-0.016282515581382828,-0.04873312371285421,0.11403278123900429,-0.06541540748535246,1
2026-10-07T01:11:59.845266+00:00,XLI,SNA,368.61,10.0,0.24554112554112553,232,-0.02966731437925152,-0.08102515815335432,-0.016282515581382828,-0.04873312371285421,-0.013384798797868691,-0.032292034440500106,1
2026-10-07T01:12:00.420148+00:00,XLI,BR,158.66,5.0,0.24085005903187723,276,-0.05906767728320794,0.05045028280384711,-0.016282515581382828,-0.04873312371285421,-0.042785161701825114,0.09918340651670132,1
2026-10-07T01:12:01.218577+00:00,XLI,CHRW,135.25,3.0,0.19803921568627453,636,-0.10026650526168979,-0.3127226307798585,-0.016282515581382828,-0.04873312371285421,-0.08398398968030696,-0.2639895070670043,1
2026-10-07T01:12:01.908917+00:00,XLI,DD,133.28,7.0,0.26312419974391804,726,0.014925307232424023,0.004673564752543324,-0.016282515581382828,-0.04873312371285421,0.03120782281380685,0.053406688465397534,1
2026-10-07T01:12:02.587553+00:00,XLI,NDSN,334.22,7.0,0.3174519610423796,238,0.05498741824169029,0.16619562961526602,-0.016282515581382828,-0.04873312371285421,0.07126993382307312,0.21492875332812023,1
2026-10-07T01:12:03.274263+00:00,XLI,IEX,236.28,2.0,0.3624712539727656,216,0.0470619292069554,0.0668232045207573,-0.016282515581382828,-0.04873312371285421,0.06334444478833823,0.1155563282336115,1
2026-10-07T01:12:03.899771+00:00,XLI,FTV,57.89,4.0,0.6543946932006633,102,0.007727475448161547,-0.07749195555791877,-0.016282515581382828,-0.04873312371285421,0.024009991029544375,-0.02875883184506456,1
2026-10-07T01:12:04.573266+00:00,XLI,JBHT,225.93,28.0,0.20929339477726577,476,-0.17777860950771718,-0.2016608032657906,-0.016282515581382828,-0.04873312371285421,-0.16149609392633435,-0.1529276795529364,1
2026-10-07T01:12:05.231797+00:00,XLI,EFX,142.48,19.0,0.17773024926066755,322,-0.16979373160889988,-0.17455538367575663,-0.016282515581382828,-0.04873312371285421,-0.15351121602751705,-0.12582225996290242,1
2026-10-07T01:12:05.901914+00:00,XLI,J,139.23,20.0,0.3828558738618698,274,-0.03493455601071149,0.10028445329696978,-0.016282515581382828,-0.04873312371285421,-0.018652040429328665,0.149017577009824,1
2026-10-07T01:12:06.526318+00:00,XLI,LDOS,116.69,49.0,0.1836479073986092,374,-0.09710617856961967,0.09485832648396308,-0.016282515581382828,-0.04873312371285421,-0.08082366298823684,0.1435914501968173,1
2026-10-07T01:12:07.181307+00:00,XLI,SWK,89.99,23.0,0.20961098398169326,512,-0.04072060328578786,0.03998612196098272,-0.016282515581382828,-0.04873312371285421,-0.02443808770440503,0.08871924567383693,1
2026-10-07T01:12:07.719465+00:00,XLI,MAS,69.93,22.0,0.40528246515040356,126,-0.014098406819364251,-0.08204253051933064,-0.016282515581382828,-0.04873312371285421,0.0021841087620185773,-0.03330940680647643,1
2026-10-07T01:12:08.382572+00:00,XLI,TXT,75.53,37.0,0.2586399108138239,230,-0.050414911869175794,-0.155334373451959,-0.016282515581382828,-0.04873312371285421,-0.034132396287792965,-0.10660124973910479,1
2026-10-07T01:12:09.019150+00:00,XLI,FDXF,112.1,29.0,0.29376375641966257,224,-0.13804554297774485,-0.25379520670133615,-0.016282515581382828,-0.04873312371285421,-0.12176302739636202,-0.20506208298848194,1
2026-10-07T01:12:09.700661+00:00,XLI,ALLE,155.2,10.0,0.2678571428571429,204,-0.021957720566812777,0.12471633372733915,-0.016282515581382828,-0.04873312371285421,-0.005675204985429949,0.17344945744019336,1
2026-10-07T01:12:10.374081+00:00,XLI,GNRC,224.98,0.0,0.36665295488824895,1320,0.17564790086769166,-0.01467284369170585,-0.016282515581382828,-0.04873312371285421,0.1919304164490745,0.03406028002114836,1
2026-10-07T01:12:11.172057+00:00,XLI,LII,365.63,2.0,0.2039294641562231,404,-0.050755460212661196,-0.3366413698947781,-0.016282515581382828,-0.04873312371285421,-0.03447294463127837,-0.2879082461819239,1
2026-10-07T01:12:11.858185+00:00,XLI,HII,265.29,21.0,0.18017537622941113,284,-0.08315087534746934,-0.07410653105773846,-0.016282515581382828,-0.04873312371285421,-0.06686835976608652,-0.025373407344884247,1
2026-10-07T01:12:12.571081+00:00,XLI,ROL,30.35,173.0,0.4000000000000001,218,-0.13161660317751722,-0.32435437180289806,-0.016282515581382828,-0.04873312371285421,-0.1153340875961344,-0.27562124809004385,1
2026-10-07T01:12:13.227594+00:00,XLI,PNR,52.94,17.0,0.42264752791068577,364,-0.09689526456279585,-0.3082451395382686,-0.016282515581382828,-0.04873312371285421,-0.08061274898141302,-0.2595120158254144,1
2026-10-07T01:12:13.829893+00:00,XLI,AOS,56.9,67.0,0.3470169677066228,114,-0.03264192755706963,-0.04417936010999246,-0.016282515581382828,-0.04873312371285421,-0.0163594119756868,0.004553763602861749,1
2026-10-07T01:12:14.508239+00:00,XLB,LIN,490.16,47.0,0.13418332409430328,1198,0.04605236581270278,-0.06508793937806467,-0.042549078608104085,-0.016805105932133135,0.08860144442080686,-0.04828283344593154,1
2026-10-07T01:12:15.199516+00:00,XLB,NEM,116.49,41.0,0.26327683615819203,1316,-0.0841922830794204,0.25016113101227644,-0.042549078608104085,-0.016805105932133135,-0.04164320447131631,0.2669662369444096,1
2026-10-07T01:12:15.839359+00:00,XLB,FCX,72.56,145.0,0.12460152460152465,1110,-0.05298884158770667,0.20993823714554538,-0.042549078608104085,-0.016805105932133135,-0.010439762979602585,0.22674334307767852,1
2026-10-07T01:12:16.501978+00:00,XLB,SHW,321.09,45.0,0.1579661016949152,696,-0.015118503269486494,-0.02374075912579665,-0.042549078608104085,-0.016805105932133135,0.02743057533861759,-0.006935653193663516,1
2026-10-07T01:12:17.145998+00:00,XLB,ECL,280.82,29.0,0.1703792895845876,428,0.009744425282790514,0.03299614132540252,-0.042549078608104085,-0.016805105932133135,0.0522935038908946,0.04980124725753565,1
2026-10-07T01:12:17.802079+00:00,XLB,VMC,248.85,11.0,0.19378306878306878,290,-0.036585296693964375,-0.15004437754949418,-0.042549078608104085,-0.016805105932133135,0.00596378191413971,-0.13323927161736104,1
2026-10-07T01:12:18.451800+00:00,XLB,MLM,489.01,19.0,0.19264507422402155,528,-0.04486503521192453,-0.14110822739147721,-0.042549078608104085,-0.016805105932133135,-0.002315956603820446,-0.12430312145934408,1
2026-10-07T01:12:19.116736+00:00,XLB,STLD,238.67,39.0,0.13507890225497812,954,-0.00890516171357647,0.01721191932092858,-0.042549078608104085,-0.016805105932133135,0.033643916894527615,0.03401702525306172,1
2026-10-07T01:12:19.763850+00:00,XLB,APD,281.0,59.0,0.17934446505875073,512,-0.05612842005539309,-0.069413140973003,-0.042549078608104085,-0.016805105932133135,-0.013579341447289006,-0.05260803504086986,1
2026-10-07T01:12:20.509571+00:00,XLB,NUE,250.9745,192.0,0.09866985849147668,838,-0.020787779637847725,0.07755367950308467,-0.042549078608104085,-0.016805105932133135,0.02176129897025636,0.0943587854352178,1
2026-10-07T01:12:21.228197+00:00,XLB,CRH,83.6,3.0,0.3160083160083159,850,-0.0773645523563723,-0.18605784033387796,-0.042549078608104085,-0.016805105932133135,-0.03481547374826821,-0.16925273440174482,1
2026-10-07T01:12:21.900220+00:00,XLB,VYLR,,,,0,,,-0.042549078608104085,-0.016805105932133135,,,1
2026-10-07T01:12:22.570799+00:00,XLB,PPG,106.52,1.0,0.3660714285714285,1088,-0.029165189045157525,-0.06430077240250065,-0.042549078608104085,-0.016805105932133135,0.01338388956294656,-0.047495666470367515,1
2026-10-07T01:12:23.225097+00:00,XLB,SW,42.39,128.0,0.24677395969262,136,-0.07462364929091414,-0.04114853523989426,-0.042549078608104085,-0.016805105932133135,-0.032074570682810055,-0.024343429307761122,1
2026-10-07T01:12:23.879467+00:00,XLB,IFF,83.92,12.0,0.3668639053254438,464,-0.019855226852402597,0.11744340711090051,-0.042549078608104085,-0.016805105932133135,0.02269385175570149,0.13424851304303365,1
2026-10-07T01:12:24.699865+00:00,XLB,PKG,229.74,3.0,0.27465948211345603,242,-0.009698693679570214,0.01717880488943324,-0.042549078608104085,-0.016805105932133135,0.03285038492853387,0.03398391082156638,1
2026-10-07T01:12:25.328117+00:00,XLB,DOW,28.145,133.0,0.212823275862069,628,-0.03158968370601456,-0.017912519650848058,-0.042549078608104085,-0.016805105932133135,0.010959394902089525,-0.0011074137187149224,1
2026-10-07T01:12:26.004936+00:00,XLB,AMCR,41.77,58.0,0.3724137931034483,264,-0.07419716889484973,-0.03195926489953782,-0.042549078608104085,-0.016805105932133135,-0.031648090286745645,-0.015154158967404685,1
2026-10-07T01:12:26.752931+00:00,XLB,CF,116.02,3.0,0.25062388591800355,1366,-0.13630614857741585,-0.04052267284219435,-0.042549078608104085,-0.016805105932133135,-0.09375706996931177,-0.023717566910061216,1
2026-10-07T01:12:27.367962+00:00,XLB,IP,32.14,52.0,0.23669467787114842,658,-0.11921079991030392,-0.13135136784733947,-0.042549078608104085,-0.016805105932133135,-0.07666172130219984,-0.11454626191520634,1
2026-10-07T01:12:28.036009+00:00,XLB,BALL,57.43,25.0,0.2744567841622405,412,-0.05883317151190104,-0.06313212039234506,-0.042549078608104085,-0.016805105932133135,-0.016284092903796954,-0.046327014460211924,1
2026-10-07T01:12:28.719799+00:00,XLB,LYB,58.93,174.0,0.201153568853641,582,-0.0876296075804931,0.010459544127976006,-0.042549078608104085,-0.016805105932133135,-0.04508052897238901,0.02726465006010914,1
2026-10-07T01:12:29.389761+00:00,XLB,AVY,168.45,3.0,0.31129032258064515,210,-0.013181019567810703,0.057837171171621904,-0.042549078608104085,-0.016805105932133135,0.02936805904029338,0.07464227710375504,1
2026-10-07T01:12:30.037994+00:00,XLB,ALB,106.6782,22.0,0.19489664082687347,1592,-0.17920820820820815,-0.15454330471355138,-0.042549078608104085,-0.016805105932133135,-0.13665912960010407,-0.13773819878141824,1
2026-10-07T01:12:30.756701+00:00,XLB,MOS,21.1,62.0,0.1980519480519481,680,-0.2107048627179926,-0.06140739420348962,-0.042549078608104085,-0.016805105932133135,-0.16815578410988852,-0.04460228827135648,1
2026-10-07T01:12:31.434780+00:00,XLB,CTVA,13.92,21.0,0.2749326145552561,222,-0.8589801928380253,-0.8553921533707757,-0.042549078608104085,-0.016805105932133135,-0.8164311142299212,-0.8385870474386425,1
2026-10-07T01:12:32.032783+00:00,XLU,NEE,78.19,399.0,0.18410301265514462,964,-0.07097703027166757,-0.11880516323046086,-0.0527042779129383,-0.09973756018243796,-0.01827275235872927,-0.019067603048022908,1
2026-10-07T01:12:32.537028+00:00,XLU,SO,85.44,158.0,0.26251025430680885,980,-0.03989207222813729,-0.11433604892429261,-0.0527042779129383,-0.09973756018243796,0.012812205684801015,-0.014598488741854654,1
2026-10-07T01:12:33.190708+00:00,XLU,DUK,115.66,251.0,0.19933774834437096,504,-0.04602436737033,-0.08828627537723888,-0.0527042779129383,-0.09973756018243796,0.006679910542608303,0.01145128480519908,1
2026-10-07T01:12:33.912374+00:00,XLU,CEG,296.0,13.0,0.21715366827832674,1794,-0.10483006834912822,0.06460334918819699,-0.0527042779129383,-0.09973756018243796,-0.05212579043618992,0.16434090937063495,1
2026-10-07T01:12:34.582673+00:00,XLU,AEP,121.838,78.0,0.30129911196605974,568,-0.029899537990333958,-0.10292712682513694,-0.0527042779129383,-0.09973756018243796,0.022804739922604345,-0.003189566642698982,1
2026-10-07T01:12:35.354481+00:00,XLU,D,62.0,150.0,0.40579083837510804,446,-0.06372698796302312,-0.1242938230571069,-0.0527042779129383,-0.09973756018243796,-0.011022710050084816,-0.024556262874668944,1
2026-10-07T01:12:36.056857+00:00,XLU,SRE,79.97,156.0,0.2554347826086956,152,-0.06435006343100125,-0.1529499193018421,-0.0527042779129383,-0.09973756018243796,-0.011645785518062945,-0.05321235911940414,1
2026-10-07T01:12:36.610061+00:00,XLU,ETR,103.25,78.0,0.4239721372748896,292,-0.04865013211724167,-0.10092299466633292,-0.0527042779129383,-0.09973756018243796,0.004054145795696629,-0.0011854344838949649,1
2026-10-07T01:12:37.408873+00:00,XLU,VST,160.6985,459.0,0.10594753505201267,1386,-0.02953786719334872,-0.08793907319041527,-0.0527042779129383,-0.09973756018243796,0.02316641071958958,0.011798486992022683,1
2026-10-07T01:12:38.049242+00:00,XLU,XEL,72.8984,85.0,0.2967278207692085,342,-0.05398015146651003,-0.09629721268310953,-0.0527042779129383,-0.09973756018243796,-0.001275873553571727,0.003440347499328422,1
2026-10-07T01:12:38.739373+00:00,XLU,EXC,42.01,153.0,0.4973544973544973,356,-0.05164961133920698,-0.11488638415548602,-0.0527042779129383,-0.09973756018243796,0.0010546665737313221,-0.015148823973048064,1
2026-10-07T01:12:39.374790+00:00,XLU,ED,105.12,102.0,0.31129032258064515,284,-0.029093876366034777,-0.059917697786868285,-0.0527042779129383,-0.09973756018243796,0.023610401546903526,0.03981986239556967,1
2026-10-07T01:12:40.061508+00:00,XLU,PEG,71.73,129.0,0.4707582618749398,254,-0.03380919422225437,-0.11324015455348191,-0.0527042779129383,-0.09973756018243796,0.018895083690683934,-0.013502594371043952,1
2026-10-07T01:12:40.693922+00:00,XLU,WEC,103.19,49.0,0.4186046511627908,190,-0.03614790963421666,-0.10943298528185996,-0.0527042779129383,-0.09973756018243796,0.016556368278721645,-0.009695425099422006,1
2026-10-07T01:12:41.266302+00:00,XLU,AEE,101.68,29.0,0.34226373356273815,178,-0.04731568343410664,-0.10358811573999305,-0.0527042779129383,-0.09973756018243796,0.005388594478831665,-0.003850555557555091,1
2026-10-07T01:12:42.047674+00:00,XLU,PCG,12.5296,237.0,0.3510737628384687,772,-0.15654519180823345,-0.2803684861219805,-0.0527042779129383,-0.09973756018243796,-0.10384091389529515,-0.18063092593954255,1
2026-10-07T01:12:42.651140+00:00,XLU,ATO,159.74,12.0,0.3502144169899939,188,-0.04956269095047716,-0.11008353485702471,-0.0527042779129383,-0.09973756018243796,0.0031415869624611403,-0.010345974674586755,1
2026-10-07T01:12:43.278849+00:00,XLU,DTE,128.2,33.0,0.5029284441049147,184,-0.06586036462126332,-0.14883164006761107,-0.0527042779129383,-0.09973756018243796,-0.013156086708325021,-0.049094079885173114,1
2026-10-07T01:12:43.886130+00:00,XLU,AWK,128.04,82.0,0.277992277992278,184,-0.08790433941771825,-0.02653391260970195,-0.0527042779129383,-0.09973756018243796,-0.035200061504779945,0.07320364757273601,1
2026-10-07T01:12:44.560829+00:00,XLU,PPL,33.81,51.0,0.33999999999999997,248,-0.039338682898630406,-0.06570554344154445,-0.0527042779129383,-0.09973756018243796,0.013365595014307896,0.03403201674089351,1
2026-10-07T01:12:45.257290+00:00,XLU,CNP,38.56,28.0,0.617283950617284,314,-0.03888329013274139,-0.12621798232515002,-0.0527042779129383,-0.09973756018243796,0.013820987780196914,-0.026480422142712068,1
2026-10-07T01:12:45.934566+00:00,XLU,ES,65.26,80.0,0.25752672354614103,114,-0.08714499809345166,-0.12823935874766235,-0.0527042779129383,-0.09973756018243796,-0.03444072018051336,-0.02850179856522439,1
2026-10-07T01:12:46.561866+00:00,XLU,FE,44.26,58.0,0.5198412698412699,310,-0.04714752218375773,-0.0861036951758376,-0.0527042779129383,-0.09973756018243796,0.005556755729180574,0.013633865006600354,1
2026-10-07T01:12:47.221859+00:00,XLU,EIX,54.49,1382.0,0.16159420289855078,304,-0.08562281601676436,-0.2859023413413353,-0.0527042779129383,-0.09973756018243796,-0.032918538103826056,-0.18616478115889734,1
2026-10-07T01:12:48.036441+00:00,XLU,NRG,105.1918,55.0,0.23571428571428574,1106,-0.13406888162283936,-0.25724116971946387,-0.0527042779129383,-0.09973756018243796,-0.08136460370990106,-0.1575036095370259,1
2026-10-07T01:12:48.677516+00:00,XLU,CMS,65.07,81.0,0.36521739130434794,120,-0.054077644587782525,-0.14099010303862414,-0.0527042779129383,-0.09973756018243796,-0.001373366674844223,-0.04125254285618618,1
2026-10-07T01:12:49.414247+00:00,XLU,NI,40.67,123.0,0.49104320337197044,78,-0.029355687640581607,-0.13596774096819564,-0.0527042779129383,-0.09973756018243796,0.023348590272356695,-0.03623018078575768,1
2026-10-07T01:12:50.070475+00:00,XLU,EVRG,80.35,41.0,0.9809451219512195,172,-0.022981510685095352,-0.07056100276988064,-0.0527042779129383,-0.09973756018243796,0.02972276722784295,0.029176557412557313,1
2026-10-07T01:12:50.701802+00:00,XLU,LNT,65.7912,10.0,0.7405140758873929,156,-0.04547446026565549,-0.14537387170729088,-0.0527042779129383,-0.09973756018243796,0.00722981764728281,-0.045636311524852924,1
2026-10-07T01:12:51.059259+00:00,XLU,PNW,,,,0,0.0,-0.09748685082984676,-0.0527042779129383,-0.09973756018243796,0.0527042779129383,0.002250709352591196,1
2026-10-07T01:12:51.423063+00:00,XLU,AES,,,,0,0.006743114091988245,0.011517620166515696,-0.0527042779129383,-0.09973756018243796,0.05944739200492655,0.11125518034895365,1
2026-10-07T01:12:51.839993+00:00,XLRE,WELL,,,,0,-0.04834563212098264,-0.037390765970383155,-0.07420901692655757,-0.08503942697669753,0.02586338480557493,0.047648661006314375,1
2026-10-07T01:12:52.281176+00:00,XLRE,PLD,,,,0,-0.07076836621976379,-0.09482280978528856,-0.07420901692655757,-0.08503942697669753,0.0034406507067937797,-0.009783382808591035,1
2026-10-07T01:12:52.645621+00:00,XLRE,EQIX,,,,0,0.005906613118189075,0.007532207665019053,-0.07420901692655757,-0.08503942697669753,0.08011563004474664,0.09257163464171658,1
2026-10-07T01:12:53.085178+00:00,XLRE,AMT,,,,0,-0.062311484746290224,-0.02784661487140483,-0.07420901692655757,-0.08503942697669753,0.011897532180267345,0.0571928121052927,1
2026-10-07T01:12:53.445179+00:00,XLRE,SPG,,,,0,-0.04785727372083415,-0.08086928587075382,-0.07420901692655757,-0.08503942697669753,0.02635174320572342,0.004170141105943714,1
2026-10-07T01:12:54.222903+00:00,XLRE,PSA,285.85,8.0,0.21645240502672242,338,-0.05222148435432805,-0.11188088264129437,-0.07420901692655757,-0.08503942697669753,0.021987532572229518,-0.026841455664596836,1
2026-10-07T01:12:54.900388+00:00,XLRE,VTR,81.91,9.0,0.5399803643503872,256,-0.08912876256182278,-0.11079727589336685,-0.07420901692655757,-0.08503942697669753,-0.014919745635265214,-0.025757848916669324,1
2026-10-07T01:12:55.275083+00:00,XLRE,DLR,,,,0,-0.025593699754699828,0.03782596558453499,-0.07420901692655757,-0.08503942697669753,0.04861531717185774,0.12286539256123252,1
2026-10-07T01:12:55.667208+00:00,XLRE,VMRK,,,,0,-0.08792873991315464,-0.13410789049214633,-0.07420901692655757,-0.08503942697669753,-0.013719722986597072,-0.0490684635154488,1
2026-10-07T01:12:56.032537+00:00,XLRE,CBRE,,,,0,-0.08154077950684269,-0.053394154766108204,-0.07420901692655757,-0.08503942697669753,-0.007331762580285117,0.031645272210589326,1
2026-10-07T01:12:56.729896+00:00,XLRE,O,54.38,602.0,0.18181818181818182,378,-0.11094723708580889,-0.15458934785736111,-0.07420901692655757,-0.08503942697669753,-0.03673822015925132,-0.06954992088066358,1
2026-10-07T01:12:57.113142+00:00,XLRE,IRM,,,,0,0.003618178517576176,-0.047969294882981406,-0.07420901692655757,-0.08503942697669753,0.07782719544413375,0.037070132093716124,1
2026-10-07T01:12:57.489031+00:00,XLRE,CCI,,,,0,-0.10122419794447224,-0.14478955522080328,-0.07420901692655757,-0.08503942697669753,-0.02701518101791467,-0.05975012824410575,1
2026-10-07T01:12:57.847282+00:00,XLRE,EXR,,,,0,-0.03787010731371421,-0.07865405559104599,-0.07420901692655757,-0.08503942697669753,0.03633890961284336,0.006385371385651539,1
2026-10-07T01:12:58.291675+00:00,XLRE,VICI,,,,0,-0.11368998351591586,-0.1337946755714401,-0.07420901692655757,-0.08503942697669753,-0.03948096658935829,-0.04875524859474256,1
2026-10-07T01:12:58.658565+00:00,XLRE,ESS,,,,0,-0.017735529947676465,-0.08400571409519564,-0.07420901692655757,-0.08503942697669753,0.056473486978881104,0.0010337128815018914,1
2026-10-07T01:12:59.120419+00:00,XLRE,SBAC,,,,0,-0.10064129125792454,-0.09299844247811861,-0.07420901692655757,-0.08503942697669753,-0.026432274331366967,-0.007959015501421085,1
2026-10-07T01:12:59.476840+00:00,XLRE,HST,,,,0,0.018577247534274477,-0.025574345920787223,-0.07420901692655757,-0.08503942697669753,0.09278626446083205,0.05946508105591031,1
2026-10-07T01:12:59.835966+00:00,XLRE,KIM,,,,0,-0.0681818528462883,-0.11827961563165978,-0.07420901692655757,-0.08503942697669753,0.006027164080269265,-0.033240188654962255,1
2026-10-07T01:13:00.204188+00:00,XLRE,INVH,,,,0,-0.08207115089109929,-0.11959462398329779,-0.07420901692655757,-0.08503942697669753,-0.007862133964541718,-0.03455519700660026,1
2026-10-07T01:13:00.566493+00:00,XLRE,MAA,,,,0,-0.08522950643442695,-0.1390830937579549,-0.07420901692655757,-0.08503942697669753,-0.01102048950786938,-0.05404366678125738,1
2026-10-07T01:13:00.927301+00:00,XLRE,DOC,,,,0,-0.07362263344860809,-0.12563274734221974,-0.07420901692655757,-0.08503942697669753,0.0005863834779494814,-0.04059332036552221,1
2026-10-07T01:13:01.376572+00:00,XLRE,WY,,,,0,-0.18025562169770837,-0.20546772735131436,-0.07420901692655757,-0.08503942697669753,-0.1060466047711508,-0.12042830037461683,1
2026-10-07T01:13:02.048512+00:00,XLRE,REG,71.42,1.0,1.2567049808429118,128,-0.05939684074942697,-0.10657998514205524,-0.07420901692655757,-0.08503942697669753,0.014812176177130598,-0.021540558165357715,1
2026-10-07T01:13:02.762702+00:00,XLRE,CSGP,27.63,241.0,0.2195448460508701,304,-0.08932106058641975,-0.03962465341878152,-0.07420901692655757,-0.08503942697669753,-0.015112043659862184,0.04541477355791601,1
2026-10-07T01:13:03.219782+00:00,XLRE,UDR,,,,0,-0.06092497163538635,-0.1560477951752529,-0.07420901692655757,-0.08503942697669753,0.01328404529117122,-0.07100836819855538,1
2026-10-07T01:13:03.592778+00:00,XLRE,CPT,,,,0,-0.06742429204777511,-0.14484631370434053,-0.07420901692655757,-0.08503942697669753,0.0067847248787824554,-0.059806886727643005,1
2026-10-07T01:13:04.044675+00:00,XLRE,BXP,,,,0,-0.09050801858211399,-0.10814438993124786,-0.07420901692655757,-0.08503942697669753,-0.016299001655556422,-0.023104962954550334,1
2026-10-07T01:13:04.479398+00:00,XLRE,FRT,,,,0,-0.09424309639025852,-0.1283650677916559,-0.07420901692655757,-0.08503942697669753,-0.02003407946370095,-0.04332564081495838,1
2026-10-07T01:13:04.848685+00:00,XLRE,ARE,,,,0,-0.09552889984417368,-0.044925199248104786,-0.07420901692655757,-0.08503942697669753,-0.021319882917616106,0.040114227728592744,1
2026-10-07T01:13:05.229066+00:00,XLC,META,,,,0,0.20287951897842293,0.10862061244560439,-0.0037489795012202176,-0.0002687099557585615,0.20662849847964315,0.10888932240136295,1
2026-10-07T01:13:05.592327+00:00,XLC,GOOGL,,,,0,0.027544649863177728,-0.01370178705862879,-0.0037489795012202176,-0.0002687099557585615,0.031293629364397946,-0.013433077102870228,1
2026-10-07T01:13:06.018722+00:00,XLC,GOOG,,,,0,0.025409290136608753,-0.031546664353830245,-0.0037489795012202176,-0.0002687099557585615,0.02915826963782897,-0.03127795439807168,1
2026-10-07T01:13:06.401895+00:00,XLC,WBD,,,,0,0.1006401080812771,0.14248802468104893,-0.0037489795012202176,-0.0002687099557585615,0.10438908758249732,0.1427567346368075,1
2026-10-07T01:13:06.770557+00:00,XLC,DIS,,,,0,-0.009803910177348163,0.08364582061767578,-0.0037489795012202176,-0.0002687099557585615,-0.006054930676127945,0.08391453057343434,1
2026-10-07T01:13:07.133091+00:00,XLC,T,,,,0,-0.04570312729920256,0.13364274571120927,-0.0037489795012202176,-0.0002687099557585615,-0.041954147797982344,0.13391145566696783,1
2026-10-07T01:13:07.500663+00:00,XLC,TTWO,,,,0,-0.050447723032187364,-0.170299083510019,-0.0037489795012202176,-0.0002687099557585615,-0.046698743530967146,-0.17003037355426043,1
2026-10-07T01:13:07.860891+00:00,XLC,VZ,,,,0,-0.08787939532999633,0.07731956920019889,-0.0037489795012202176,-0.0002687099557585615,-0.08413041582877612,0.07758827915595745,1
2026-10-07T01:13:08.238388+00:00,XLC,APP,,,,0,-0.12038306910342711,-0.4438242236175519,-0.0037489795012202176,-0.0002687099557585615,-0.11663408960220689,-0.44355551366179335,1
2026-10-07T01:13:08.698645+00:00,XLC,TMUS,,,,0,-0.0867412050957922,-0.1193143174427368,-0.0037489795012202176,-0.0002687099557585615,-0.08299222559457198,-0.11904560748697823,1
2026-10-07T01:13:09.064734+00:00,XLC,NFLX,,,,0,-0.10524937547186819,-0.06961938591590866,-0.0037489795012202176,-0.0002687099557585615,-0.10150039597064797,-0.0693506759601501,1
2026-10-07T01:13:09.433224+00:00,XLC,CMCSA,,,,0,-0.18116219033745729,-0.10054234111176708,-0.0037489795012202176,-0.0002687099557585615,-0.17741321083623707,-0.10027363115600851,1
2026-10-07T01:13:09.807418+00:00,XLC,LYV,,,,0,0.007920247155683846,-0.06248293014047579,-0.0037489795012202176,-0.0002687099557585615,0.011669226656904064,-0.06221422018471723,1
2026-10-07T01:13:10.175568+00:00,XLC,RDDT,,,,0,-0.026155693184746975,-0.2299580168479406,-0.0037489795012202176,-0.0002687099557585615,-0.022406713683526758,-0.22968930689218203,1
2026-10-07T01:13:10.537376+00:00,XLC,OMC,,,,0,-0.07432514462513229,-0.09024838645936406,-0.0037489795012202176,-0.0002687099557585615,-0.07057616512391207,-0.0899796765036055,1
2026-10-07T01:13:10.978985+00:00,XLC,CHTR,,,,0,-0.25456295255358563,-0.17302273405173652,-0.0037489795012202176,-0.0002687099557585615,-0.2508139730523654,-0.17275402409597795,1
2026-10-07T01:13:11.373619+00:00,XLC,FOXA,,,,0,-0.03194736160788736,0.17017744051993788,-0.0037489795012202176,-0.0002687099557585615,-0.02819838210666714,0.17044615047569645,1
2026-10-07T01:13:11.807250+00:00,XLC,ECHO,,,,0,0.07054168375562875,0.07653391274025911,-0.0037489795012202176,-0.0002687099557585615,0.07429066325684897,0.07680262269601767,1
2026-10-07T01:13:12.186053+00:00,XLC,TKO,,,,0,-0.09655949161954092,-0.024867373082690936,-0.0037489795012202176,-0.0002687099557585615,-0.0928105121183207,-0.024598663126932374,1
2026-10-07T01:13:12.606461+00:00,XLC,NWSA,,,,0,-0.04738396366008102,0.057727434244035924,-0.0037489795012202176,-0.0002687099557585615,-0.0436349841588608,0.057996144199794486,1
2026-10-07T01:13:12.971787+00:00,XLC,FOX,,,,0,-0.029441928447717203,0.16307693872696305,-0.0037489795012202176,-0.0002687099557585615,-0.025692948946496985,0.1633456486827216,1
2026-10-07T01:13:13.333340+00:00,XLC,PSKY,,,,0,,,-0.0037489795012202176,-0.0002687099557585615,,,1
2026-10-07T01:13:13.711933+00:00,XLC,NWS,,,,0,-0.0560472401285429,0.03459423486152269,-0.0037489795012202176,-0.0002687099557585615,-0.05229826062732268,0.03486294481728125,1
