capture_ts,table,sector_etf,side,rank,ticker,score,failed_gates,spot,atm_spread_pct,atm_oi,adv_usd_20d,rel_strength_20d,rel_strength_60d,n_names_in_sector,n_in_table,n_quality_passed,trade_quality,grade,tq_conviction,tq_momentum,tq_execution,tq_event_carry,dividend_yield,next_filing_est,price_to_book,ev_to_ebitda,fcf_yield,forward_pe,value_z,value_turn,atm_iv_30,call_wall,put_wall,wall_fallback,gamma_flip,gamma_regime,to_put_wall,to_call_wall,entry,fund_basis,schema_version
2026-10-10T11:50:22.765016+00:00,options,XLF,short,1,C,-1.164,negative_fcf;filing_estimated_in_window,129.68,0.0527,2590.0,1199878250.0,-0.0221,0.0199,30,10,0,,,,,,,,,,,,,,,,,,,,,,,,,1
2026-10-10T11:50:22.765016+00:00,options,XLF,short,2,MS,-0.9609,negative_fcf;filing_estimated_in_window,190.74,0.0524,1049.0,998835893.0,-0.0696,-0.0942,30,10,0,,,,,,,,,,,,,,,,,,,,,,,,,1
2026-10-10T11:50:22.765016+00:00,options,XLF,short,3,AXP,-0.4626,filing_estimated_in_window,308.32,0.0682,630.0,1061353235.0,-0.0069,-0.1121,30,10,0,,,,,,,,,,,,,,,,,,,,,,,,,1
2026-10-10T11:50:22.765016+00:00,options,XLK,long,1,SNDK,4.7654,,1581.0,0.0217,136.0,13868276672.0,-0.0907,0.0012,30,24,12,,,,,,,,,,,,,,,,,,,,,,,,,1
2026-10-10T11:50:22.765016+00:00,options,XLK,long,2,PLTR,2.1583,,208.73,0.0176,4707.0,3843778553.0,0.1909,0.4352,30,24,12,,,,,,,,,,,,,,,,,,,,,,,,,1
2026-10-10T11:50:22.765016+00:00,options,XLK,long,3,MU,1.5326,,1028.5,0.0438,812.0,23637106758.0,-0.0041,0.0863,30,24,12,,,,,,,,,,,,,,,,,,,,,,,,,1
2026-10-10T11:50:22.765016+00:00,options,XLK,short,1,ORCL,-2.7619,negative_fcf;compressing_gross_margin;net_debt_over_3x_ebitda,141.55,0.0405,6618.0,4303074776.0,-0.1183,0.0186,30,24,12,,,,,,,,,,,,,,,,,,,,,,,,,1
2026-10-10T11:50:22.765016+00:00,options,XLK,short,2,IBM,-2.2013,net_debt_over_3x_ebitda;filing_estimated_in_window,226.84,0.0662,1010.0,1144127535.0,-0.1256,-0.0829,30,24,12,,,,,,,,,,,,,,,,,,,,,,,,,1
2026-10-10T11:50:22.765016+00:00,options,XLK,short,3,DELL,-0.5247,compressing_gross_margin,586.1,0.0399,205.0,3998970899.0,-0.0261,0.3777,30,24,12,,,,,,,,,,,,,,,,,,,,,,,,,1
2026-10-10T11:50:22.765016+00:00,options,XLP,long,1,MO,0.9199,,71.49,0.0726,585.0,529652202.0,0.0385,0.0093,30,6,2,,,,,,,,,,,,,,,,,,,,,,,,,1
2026-10-10T11:50:22.765016+00:00,options,XLP,long,2,KO,0.2757,,88.11,0.0841,3625.0,1373939787.0,-0.0033,0.0646,30,6,2,,,,,,,,,,,,,,,,,,,,,,,,,1
2026-10-10T11:50:22.765016+00:00,options,XLP,short,1,PG,-2.6505,compressing_gross_margin;compressing_operating_margin;filing_estimated_in_window,151.23,0.0604,1686.0,1068027988.0,0.0404,0.026,30,6,2,,,,,,,,,,,,,,,,,,,,,,,,,1
2026-10-10T11:50:22.765016+00:00,options,XLP,short,2,TGT,-2.2259,compressing_gross_margin;compressing_operating_margin,153.64,0.0756,691.0,567945359.0,-0.0147,0.1235,30,6,2,,,,,,,,,,,,,,,,,,,,,,,,,1
2026-10-10T11:50:22.765016+00:00,options,XLP,short,3,PEP,-1.1653,compressing_gross_margin,126.15,0.0849,1780.0,1172249160.0,-0.0765,-0.0688,30,6,2,,,,,,,,,,,,,,,,,,,,,,,,,1
2026-10-10T11:50:22.765016+00:00,options,XLV,long,1,ABBV,0.4602,,276.47,0.0965,1486.0,1162397218.0,0.0423,0.0311,30,8,2,,,,,,,,,,,,,,,,,,,,,,,,,1
2026-10-10T11:50:22.765016+00:00,options,XLV,long,2,BMY,0.0837,,59.12,0.0854,3274.0,719125154.0,-0.104,-0.0787,30,8,2,,,,,,,,,,,,,,,,,,,,,,,,,1
2026-10-10T11:50:22.765016+00:00,options,XLV,short,1,MRNA,-3.5961,compressing_operating_margin,225.47,0.0555,267.0,3073579919.0,0.5299,2.5073,30,8,2,,,,,,,,,,,,,,,,,,,,,,,,,1
2026-10-10T11:50:22.765016+00:00,options,XLV,short,2,UNH,-3.18,compressing_gross_margin;compressing_operating_margin;filing_estimated_in_window,379.98,0.0667,1252.0,1750930328.0,-0.0324,-0.1598,30,8,2,,,,,,,,,,,,,,,,,,,,,,,,,1
2026-10-10T11:50:22.765016+00:00,options,XLV,short,3,DHR,-2.8949,compressing_gross_margin;compressing_operating_margin;filing_estimated_in_window,220.0,0.0936,198.0,930666335.0,0.0653,0.0165,30,8,2,,,,,,,,,,,,,,,,,,,,,,,,,1
2026-10-10T12:26:16.321783+00:00,options,XLF,short,1,C,-1.164,negative_fcf;filing_estimated_in_window,129.68,0.0527,2590.0,1199878250.0,-0.0221,0.0199,30,10,0,51.0,C,0.511,0.506,0.688,0.371,0.0207,2026-10-13,,,,,,,,,,,,,,,,,2
2026-10-10T12:26:16.321783+00:00,options,XLF,short,2,MS,-0.9609,negative_fcf;filing_estimated_in_window,190.74,0.0524,1049.0,998835893.0,-0.0696,-0.0942,30,10,0,55.0,C,0.387,0.91,0.597,0.349,0.0242,2026-10-14,,,,,,,,,,,,,,,,,2
2026-10-10T12:26:16.321783+00:00,options,XLF,short,3,AXP,-0.4626,filing_estimated_in_window,308.32,0.0682,630.0,1061353235.0,-0.0069,-0.1121,30,10,0,41.5,D,0.082,0.797,0.427,0.423,0.0123,2026-10-23,,,,,,,,,,,,,,,,,2
2026-10-10T12:26:16.321783+00:00,options,XLK,long,1,SNDK,4.7654,,1581.0,0.0217,136.0,13868276672.0,-0.0907,0.0012,30,24,12,74.3,B,1.0,0.276,0.619,1.0,0.0,2026-10-29,,,,,,,,,,,,,,,,,2
2026-10-10T12:26:16.321783+00:00,options,XLK,long,2,PLTR,2.1583,,208.73,0.0176,4707.0,3843778553.0,0.1909,0.4352,30,24,12,83.5,A,0.453,1.0,0.994,1.0,0.0,2026-11-02,,,,,,,,,,,,,,,,,2
2026-10-10T12:26:16.321783+00:00,options,XLK,long,3,MU,1.5326,,1028.5,0.0438,812.0,23637106758.0,-0.0041,0.0863,30,24,12,63.6,B,0.276,0.705,0.636,1.0,0.0006,2026-12-23,,,,,,,,,,,,,,,,,2
2026-10-10T12:26:16.321783+00:00,options,XLK,short,1,ORCL,-2.7619,negative_fcf;compressing_gross_margin;net_debt_over_3x_ebitda,141.55,0.0405,6618.0,4303074776.0,-0.1183,0.0186,30,24,12,86.6,A,0.937,0.749,0.846,0.912,0.0141,2026-12-14,,,,,,,,,,,,,,,,,2
2026-10-10T12:26:16.321783+00:00,options,XLK,short,2,IBM,-2.2013,net_debt_over_3x_ebitda;filing_estimated_in_window,226.84,0.0662,1010.0,1144127535.0,-0.1256,-0.0829,30,24,12,66.0,B,0.779,1.0,0.49,0.314,0.0298,2026-10-21,,,,,,,,,,,,,,,,,2
2026-10-10T12:26:16.321783+00:00,options,XLK,short,3,DELL,-0.5247,compressing_gross_margin,586.1,0.0399,205.0,3998970899.0,-0.0261,0.3777,30,24,12,44.0,D,0.305,0.0,0.524,0.973,0.0043,2026-11-27,,,,,,,,,,,,,,,,,2
2026-10-10T12:26:16.321783+00:00,options,XLP,long,1,MO,0.9199,,71.49,0.0726,585.0,529652202.0,0.0385,0.0093,30,6,2,74.6,B,0.879,0.619,0.386,1.0,0.0619,2026-10-29,,,,,,,,,,,,,,,,,2
2026-10-10T12:26:16.321783+00:00,options,XLP,long,2,KO,0.2757,,88.11,0.0841,3625.0,1373939787.0,-0.0033,0.0646,30,6,2,70.6,B,0.652,0.653,0.486,1.0,0.0241,2026-10-27,,,,,,,,,,,,,,,,,2
2026-10-10T12:26:16.321783+00:00,options,XLP,short,1,PG,-2.6505,compressing_gross_margin;compressing_operating_margin;filing_estimated_in_window,151.23,0.0604,1686.0,1068027988.0,0.0404,0.026,30,6,2,39.5,D,0.38,0.334,0.585,0.32,0.0288,2026-10-22,,,,,,,,,,,,,,,,,2
2026-10-10T12:26:16.321783+00:00,options,XLP,short,2,TGT,-2.2259,compressing_gross_margin;compressing_operating_margin,153.64,0.0756,691.0,567945359.0,-0.0147,0.1235,30,6,2,40.5,D,0.23,0.228,0.381,0.811,0.0302,2026-11-18,,,,,,,,,,,,,,,,,2
2026-10-10T12:26:16.321783+00:00,options,XLP,short,3,PEP,-1.1653,compressing_gross_margin,126.15,0.0849,1780.0,1172249160.0,-0.0765,-0.0688,30,6,2,47.4,C,0.0,0.863,0.407,0.706,0.047,2027-02-02,,,,,,,,,,,,,,,,,2
2026-10-10T12:26:16.321783+00:00,options,XLV,long,1,ABBV,0.4602,,276.47,0.0965,1486.0,1162397218.0,0.0423,0.0311,30,8,2,64.6,B,0.55,0.684,0.303,1.0,0.025,2026-10-30,,,,,,,,,,,,,,,,,2
2026-10-10T12:26:16.321783+00:00,options,XLV,long,2,BMY,0.0837,,59.12,0.0854,3274.0,719125154.0,-0.104,-0.0787,30,8,2,47.7,C,0.41,0.043,0.466,1.0,0.0426,2026-10-29,,,,,,,,,,,,,,,,,2
2026-10-10T12:26:16.321783+00:00,options,XLV,short,1,MRNA,-3.5961,compressing_operating_margin,225.47,0.0555,267.0,3073579919.0,0.5299,2.5073,30,8,2,62.5,B,0.96,0.0,0.434,1.0,0.0,2026-11-05,,,,,,,,,,,,,,,,,2
2026-10-10T12:26:16.321783+00:00,options,XLV,short,2,UNH,-3.18,compressing_gross_margin;compressing_operating_margin;filing_estimated_in_window,379.98,0.0667,1252.0,1750930328.0,-0.0324,-0.1598,30,8,2,67.5,B,0.805,0.981,0.508,0.347,0.0245,2026-10-13,,,,,,,,,,,,,,,,,2
2026-10-10T12:26:16.321783+00:00,options,XLV,short,3,DHR,-2.8949,compressing_gross_margin;compressing_operating_margin;filing_estimated_in_window,220.0,0.0936,198.0,930666335.0,0.0653,0.0165,30,8,2,42.1,D,0.699,0.295,0.118,0.455,0.0073,2026-10-21,,,,,,,,,,,,,,,,,2
2026-10-10T12:45:16.399852+00:00,options,XLF,short,1,C,-1.0354,negative_fcf;filing_estimated_in_window,129.68,0.0527,2590.0,1199878250.0,-0.0221,0.0199,30,10,0,48.8,C,0.436,0.506,0.688,0.371,0.0207,2026-10-13,1.13,,-0.281,10.01,0.514,,,,,,,,,,,,3
2026-10-10T12:45:16.399852+00:00,options,XLF,short,2,MS,-0.961,negative_fcf;filing_estimated_in_window,190.74,0.0524,1049.0,998835893.0,-0.0696,-0.0942,30,10,0,55.1,C,0.389,0.91,0.597,0.349,0.0242,2026-10-14,2.8,,-0.0502,14.0,-0.0,,,,,,,,,,,,3
2026-10-10T12:45:16.399852+00:00,options,XLF,short,3,V,-0.6904,compressing_gross_margin;compressing_operating_margin,385.41,0.0922,566.0,1949177474.0,0.0845,0.0912,30,10,0,36.7,D,0.217,0.061,0.236,0.957,0.007,2026-10-27,20.43,22.34,0.0282,25.69,-1.125,,,,,,,,,,,,3
2026-10-10T12:45:16.399852+00:00,options,XLK,long,1,SNDK,4.9067,,1581.0,0.0217,136.0,13868276672.0,-0.0907,0.0012,30,24,12,74.3,B,1.0,0.276,0.619,1.0,0.0,2026-10-29,14.98,19.28,0.0338,5.94,0.565,,,,,,,,,,,,3
2026-10-10T12:45:16.399852+00:00,options,XLK,long,2,PLTR,1.9261,,208.73,0.0176,4707.0,3843778553.0,0.1909,0.4352,30,24,12,81.4,A,0.385,1.0,0.994,1.0,0.0,2026-11-02,51.39,171.78,0.0043,89.18,-0.929,,,,,,,,,,,,3
2026-10-10T12:45:16.399852+00:00,options,XLK,long,3,MU,1.7074,,1028.5,0.0438,812.0,23637106758.0,-0.0041,0.0863,30,24,12,65.0,B,0.321,0.705,0.636,1.0,0.0006,2026-12-23,11.53,10.94,0.0251,4.99,0.699,,,,,,,,,,,,3
2026-10-10T12:45:16.399852+00:00,options,XLK,short,1,ORCL,-3.1494,negative_fcf;compressing_gross_margin;net_debt_over_3x_ebitda,141.55,0.0405,6618.0,4303074776.0,-0.1183,0.0186,30,24,12,88.4,A,1.0,0.749,0.846,0.912,0.0141,2026-12-14,10.84,16.6,-0.107,12.86,-1.55,,,,,,,,,,,,3
2026-10-10T12:45:16.399852+00:00,options,XLK,short,2,DELL,-0.4678,compressing_gross_margin,586.1,0.0399,205.0,3998970899.0,-0.0261,0.3777,30,24,12,44.2,D,0.314,0.0,0.524,0.973,0.0043,2026-11-27,,22.1,0.0162,20.13,0.228,,,,,,,,,,,,3
2026-10-10T12:45:16.399852+00:00,options,XLK,short,3,CSCO,-0.449,compressing_gross_margin,118.3,0.0385,3081.0,1919697819.0,-0.0034,-0.0402,30,24,12,63.5,B,0.309,0.609,0.812,0.911,0.0142,2026-11-12,9.29,25.65,0.024,21.06,0.278,,,,,,,,,,,,3
2026-10-10T12:45:16.399852+00:00,options,XLP,long,1,MO,1.1133,,71.49,0.0726,585.0,529652202.0,0.0385,0.0093,31,6,2,77.6,A,0.981,0.619,0.386,1.0,0.0619,2026-10-29,,8.76,0.0755,12.22,0.774,,,,,,,,,,,,3
2026-10-10T12:45:16.399852+00:00,options,XLP,long,2,KO,0.029,,88.11,0.0841,3625.0,1373939787.0,-0.0033,0.0646,31,6,2,68.5,B,0.582,0.653,0.486,1.0,0.0241,2026-10-27,10.48,23.49,0.0138,24.97,-0.987,,,,,,,,,,,,3
2026-10-10T12:45:16.399852+00:00,options,XLP,short,1,PG,-2.7024,compressing_gross_margin;compressing_operating_margin;filing_estimated_in_window,151.23,0.0604,1686.0,1068027988.0,0.0404,0.026,31,6,2,40.7,D,0.421,0.334,0.585,0.32,0.0288,2026-10-22,6.59,14.94,0.0378,20.45,-0.208,,,,,,,,,,,,3
2026-10-10T12:45:16.399852+00:00,options,XLP,short,2,TGT,-2.1078,compressing_gross_margin;compressing_operating_margin,153.64,0.0756,691.0,567945359.0,-0.0147,0.1235,31,6,2,39.7,D,0.202,0.228,0.381,0.811,0.0302,2026-11-18,3.91,9.58,0.0492,16.1,0.473,,,,,,,,,,,,3
2026-10-10T12:45:16.399852+00:00,options,XLP,short,3,WMT,-1.2794,compressing_operating_margin,111.32,0.0279,12970.0,2381432431.0,0.0386,-0.0036,31,6,2,52.7,C,0.0,0.412,0.94,0.944,0.0089,2026-11-19,9.0,21.06,0.0081,34.54,-0.877,,,,,,,,,,,,3
2026-10-10T12:45:16.399852+00:00,options,XLV,long,1,BMY,0.8956,,59.12,0.0854,3274.0,719125154.0,-0.104,-0.0787,30,8,2,55.9,C,0.682,0.043,0.466,1.0,0.0426,2026-10-29,5.41,8.24,0.0672,8.94,1.248,op margin up;gross margin up,,,,,,,,,,,3
2026-10-10T12:45:16.399852+00:00,options,XLV,long,2,ABBV,0.3496,,276.47,0.0965,1486.0,1162397218.0,0.0423,0.0311,30,8,2,62.6,B,0.483,0.684,0.303,1.0,0.025,2026-10-30,,17.68,0.0345,17.0,-0.442,,,,,,,,,,,,3
2026-10-10T12:45:16.399852+00:00,options,XLV,short,1,MRNA,-4.0235,compressing_operating_margin,225.47,0.0555,267.0,3073579919.0,0.5299,2.5073,30,8,2,63.7,B,1.0,0.0,0.434,1.0,0.0,2026-11-05,13.28,,0.0033,,-1.71,,,,,,,,,,,,3
2026-10-10T12:45:16.399852+00:00,options,XLV,short,2,DHR,-3.113,compressing_gross_margin;compressing_operating_margin;filing_estimated_in_window,220.0,0.0936,198.0,930666335.0,0.0653,0.0165,30,8,2,44.5,D,0.779,0.295,0.118,0.455,0.0073,2026-10-21,2.94,22.06,0.028,23.64,-0.872,,,,,,,,,,,,3
2026-10-10T12:45:16.399852+00:00,options,XLV,short,3,UNH,-3.0352,compressing_gross_margin;compressing_operating_margin;filing_estimated_in_window,379.98,0.0667,1252.0,1750930328.0,-0.0324,-0.1598,30,8,2,65.9,B,0.751,0.981,0.508,0.347,0.0245,2026-10-13,3.49,14.5,0.0713,16.78,0.579,,,,,,,,,,,,3
2026-10-10T12:56:25.813114+00:00,options,XLF,short,1,MS,-0.8915,negative_fcf;filing_estimated_in_window,190.74,0.0524,1049.0,998835893.0,-0.0696,-0.0942,30,10,0,54.2,C,0.359,0.91,0.597,0.349,0.0242,2026-10-14,2.8,,-0.0502,14.0,0.278,,,,,,,,,,,,3
2026-10-10T12:56:25.813114+00:00,options,XLF,short,2,C,-0.864,negative_fcf;filing_estimated_in_window,129.68,0.0527,2590.0,1199878250.0,-0.0221,0.0199,30,10,0,45.9,C,0.342,0.506,0.688,0.371,0.0207,2026-10-13,1.13,,-0.281,10.01,1.2,,,,,,,,,,,,3
2026-10-10T12:56:25.813114+00:00,options,XLF,short,3,V,-0.8438,compressing_gross_margin;compressing_operating_margin,385.41,0.0922,566.0,1949177474.0,0.0845,0.0912,30,10,0,40.0,D,0.329,0.061,0.236,0.957,0.007,2026-10-27,20.43,22.34,0.0282,25.69,-1.739,,,,,,,,,,,,3
2026-10-10T12:56:25.813114+00:00,options,XLK,long,1,SNDK,4.9067,,1581.0,0.0217,136.0,13868276672.0,-0.0907,0.0012,30,24,12,74.3,B,1.0,0.276,0.619,1.0,0.0,2026-10-29,14.98,19.28,0.0338,5.94,0.565,,,,,,,,,,,,3
2026-10-10T12:56:25.813114+00:00,options,XLK,long,2,PLTR,1.9261,,208.73,0.0176,4707.0,3843778553.0,0.1909,0.4352,30,24,12,81.4,A,0.385,1.0,0.994,1.0,0.0,2026-11-02,51.39,171.78,0.0043,89.18,-0.929,,,,,,,,,,,,3
2026-10-10T12:56:25.813114+00:00,options,XLK,long,3,MU,1.7074,,1028.5,0.0438,812.0,23637106758.0,-0.0041,0.0863,30,24,12,65.0,B,0.321,0.705,0.636,1.0,0.0006,2026-12-23,11.53,10.94,0.0251,4.99,0.699,,,,,,,,,,,,3
2026-10-10T12:56:25.813114+00:00,options,XLK,short,1,ORCL,-3.1494,negative_fcf;compressing_gross_margin;net_debt_over_3x_ebitda,141.55,0.0405,6618.0,4303074776.0,-0.1183,0.0186,30,24,12,88.4,A,1.0,0.749,0.846,0.912,0.0141,2026-12-14,10.84,16.6,-0.107,12.86,-1.55,,,,,,,,,,,,3
2026-10-10T12:56:25.813114+00:00,options,XLK,short,2,DELL,-0.4678,compressing_gross_margin,586.1,0.0399,205.0,3998970899.0,-0.0261,0.3777,30,24,12,44.2,D,0.314,0.0,0.524,0.973,0.0043,2026-11-27,,22.1,0.0162,20.13,0.228,,,,,,,,,,,,3
2026-10-10T12:56:25.813114+00:00,options,XLK,short,3,CSCO,-0.449,compressing_gross_margin,118.3,0.0385,3081.0,1919697819.0,-0.0034,-0.0402,30,24,12,63.5,B,0.309,0.609,0.812,0.911,0.0142,2026-11-12,9.29,25.65,0.024,21.06,0.278,,,,,,,,,,,,3
2026-10-10T12:56:25.813114+00:00,options,XLP,long,1,MO,1.1133,,71.49,0.0726,585.0,529652202.0,0.0385,0.0093,31,6,2,77.6,A,0.981,0.619,0.386,1.0,0.0619,2026-10-29,,8.76,0.0755,12.22,0.774,,,,,,,,,,,,3
2026-10-10T12:56:25.813114+00:00,options,XLP,long,2,KO,0.029,,88.11,0.0841,3625.0,1373939787.0,-0.0033,0.0646,31,6,2,68.5,B,0.582,0.653,0.486,1.0,0.0241,2026-10-27,10.48,23.49,0.0138,24.97,-0.987,,,,,,,,,,,,3
2026-10-10T12:56:25.813114+00:00,options,XLP,short,1,PG,-2.7024,compressing_gross_margin;compressing_operating_margin;filing_estimated_in_window,151.23,0.0604,1686.0,1068027988.0,0.0404,0.026,31,6,2,40.7,D,0.421,0.334,0.585,0.32,0.0288,2026-10-22,6.59,14.94,0.0378,20.45,-0.208,,,,,,,,,,,,3
2026-10-10T12:56:25.813114+00:00,options,XLP,short,2,TGT,-2.1078,compressing_gross_margin;compressing_operating_margin,153.64,0.0756,691.0,567945359.0,-0.0147,0.1235,31,6,2,39.7,D,0.202,0.228,0.381,0.811,0.0302,2026-11-18,3.91,9.58,0.0492,16.1,0.473,,,,,,,,,,,,3
2026-10-10T12:56:25.813114+00:00,options,XLP,short,3,WMT,-1.2794,compressing_operating_margin,111.32,0.0279,12970.0,2381432431.0,0.0386,-0.0036,31,6,2,52.7,C,0.0,0.412,0.94,0.944,0.0089,2026-11-19,9.0,21.06,0.0081,34.54,-0.877,,,,,,,,,,,,3
2026-10-10T12:56:25.813114+00:00,options,XLV,long,1,BMY,0.8956,,59.12,0.0854,3274.0,719125154.0,-0.104,-0.0787,30,8,2,55.9,C,0.682,0.043,0.466,1.0,0.0426,2026-10-29,5.41,8.24,0.0672,8.94,1.248,op margin up;gross margin up,,,,,,,,,,,3
2026-10-10T12:56:25.813114+00:00,options,XLV,long,2,ABBV,0.3496,,276.47,0.0965,1486.0,1162397218.0,0.0423,0.0311,30,8,2,62.6,B,0.483,0.684,0.303,1.0,0.025,2026-10-30,,17.68,0.0345,17.0,-0.442,,,,,,,,,,,,3
2026-10-10T12:56:25.813114+00:00,options,XLV,short,1,MRNA,-4.0235,compressing_operating_margin,225.47,0.0555,267.0,3073579919.0,0.5299,2.5073,30,8,2,63.7,B,1.0,0.0,0.434,1.0,0.0,2026-11-05,13.28,,0.0033,,-1.71,,,,,,,,,,,,3
2026-10-10T12:56:25.813114+00:00,options,XLV,short,2,DHR,-3.113,compressing_gross_margin;compressing_operating_margin;filing_estimated_in_window,220.0,0.0936,198.0,930666335.0,0.0653,0.0165,30,8,2,44.5,D,0.779,0.295,0.118,0.455,0.0073,2026-10-21,2.94,22.06,0.028,23.64,-0.872,,,,,,,,,,,,3
2026-10-10T12:56:25.813114+00:00,options,XLV,short,3,UNH,-3.0352,compressing_gross_margin;compressing_operating_margin;filing_estimated_in_window,379.98,0.0667,1252.0,1750930328.0,-0.0324,-0.1598,30,8,2,65.9,B,0.751,0.981,0.508,0.347,0.0245,2026-10-13,3.49,14.5,0.0713,16.78,0.579,,,,,,,,,,,,3
2026-10-10T13:24:44.481451+00:00,options,XLF,short,1,HOOD,-2.2922,compressing_operating_margin;net_debt_over_3x_ebitda,109.13,0.0188,4208.0,2150101368.0,0.0125,0.0639,30,10,0,77.5,A,0.838,0.309,0.982,1.0,0.0,2026-10-27,10.34,,0.0162,31.72,-1.048,,0.6005,120.0,100.0,0.0,108.13,positive,-0.0836,0.0996,mid-range,q_yoy,4
2026-10-10T13:24:44.481451+00:00,options,XLF,short,2,MS,-1.4639,negative_fcf;filing_estimated_in_window,190.74,0.0524,1049.0,998835893.0,-0.0696,-0.0942,30,10,0,55.2,C,0.393,0.91,0.597,0.349,0.0242,2026-10-14,2.8,,-0.0697,14.0,0.278,,0.3023,205.0,185.0,0.0,188.93,positive,-0.0301,0.0748,mid-range,q_yoy,4
2026-10-10T13:24:44.481451+00:00,options,XLF,short,3,C,-1.4145,negative_fcf;filing_estimated_in_window,129.68,0.0527,2590.0,1199878250.0,-0.0221,0.0199,30,10,0,46.7,C,0.367,0.506,0.688,0.371,0.0207,2026-10-13,1.13,,-0.341,10.01,1.2,,0.3004,134.0,120.0,0.0,130.33,negative,-0.0746,0.0333,mid-range,q_yoy,4
2026-10-10T13:24:44.481451+00:00,options,XLK,long,1,SNDK,9.1774,,1581.0,0.0217,136.0,13868276672.0,-0.0907,0.0012,30,24,15,74.3,B,1.0,0.276,0.619,1.0,0.0,2026-10-29,14.98,18.0,0.0338,5.94,0.591,,0.6237,1700.0,1500.0,0.0,1666.11,negative,-0.0512,0.0753,mid-range,q_yoy,4
2026-10-10T13:24:44.481451+00:00,options,XLK,long,2,MU,8.7762,,1028.5,0.0438,812.0,23637106758.0,-0.0041,0.0863,30,24,15,85.4,A,1.0,0.705,0.636,1.0,0.0006,2026-12-23,11.53,10.33,0.0251,4.99,0.717,,0.4547,1100.0,1000.0,0.0,1020.64,positive,-0.0277,0.0695,mid-range,q_yoy,4
2026-10-10T13:24:44.481451+00:00,options,XLK,long,3,CRWD,8.0709,,275.53,0.0452,261.0,2328717250.0,0.2712,0.2301,30,24,15,90.2,A,1.0,1.0,0.509,1.0,0.0,2026-12-01,55.2,2596.52,0.0071,171.27,-2.0,,0.4943,300.0,255.0,0.0,254.97,positive,-0.0745,0.0888,mid-range,q_yoy,4
2026-10-10T13:24:44.481451+00:00,options,XLK,short,1,IBM,-4.2106,compressing_gross_margin;compressing_operating_margin;net_debt_over_3x_ebitda;filing_estimated_in_window,226.84,0.0662,1010.0,1144127535.0,-0.1256,-0.0829,30,24,15,69.8,B,0.906,1.0,0.49,0.314,0.0298,2026-10-21,6.21,16.46,0.0563,17.27,0.983,,0.3906,235.0,220.0,0.0,224.35,positive,-0.0302,0.036,mid-range,q_yoy,4
2026-10-10T13:24:44.481451+00:00,options,XLK,short,2,ORCL,-2.8348,negative_fcf;compressing_gross_margin;net_debt_over_3x_ebitda,141.55,0.0405,6618.0,4303074776.0,-0.1183,0.0186,30,24,15,78.7,A,0.674,0.749,0.846,0.912,0.0141,2026-12-14,6.92,16.41,-0.107,12.86,-1.552,,0.5213,155.0,135.0,0.0,134.92,positive,-0.0463,0.095,mid-range,q_yoy,4
2026-10-10T13:24:44.481451+00:00,options,XLK,short,3,QCOM,-1.7826,compressing_gross_margin;compressing_operating_margin,175.53,0.0534,1542.0,1953663260.0,-0.0948,-0.0911,30,24,15,73.3,B,0.497,0.965,0.629,0.869,0.021,2026-11-04,6.71,15.94,0.0546,17.21,0.972,,0.481,180.0,160.0,0.0,171.2,positive,-0.0885,0.0255,mid-range,q_yoy,4
2026-10-10T13:24:44.481451+00:00,options,XLP,long,1,KO,0.2573,,88.11,0.0841,3625.0,1373939787.0,-0.0033,0.0646,31,6,3,71.8,B,0.692,0.653,0.486,1.0,0.0241,2026-10-27,10.48,24.05,0.0138,24.98,-0.998,,0.2034,90.0,85.0,0.0,85.54,positive,-0.0353,0.0215,mid-range,q_yoy,4
2026-10-10T13:24:44.481451+00:00,options,XLP,long,2,TGT,0.1609,,153.64,0.0756,691.0,567945359.0,-0.0147,0.1235,31,6,3,71.4,B,0.648,0.772,0.381,1.0,0.0302,2026-11-18,3.91,9.73,0.0492,16.1,0.469,,0.3807,160.0,140.0,0.0,151.13,positive,-0.0888,0.0414,mid-range,q_yoy,4
2026-10-10T13:24:44.481451+00:00,options,XLP,long,3,WMT,-0.2696,,111.32,0.0279,12970.0,2381432431.0,0.0386,-0.0036,31,6,3,72.0,B,0.452,0.588,0.94,1.0,0.0089,2026-11-19,9.0,21.64,0.008,34.54,-0.894,,0.2868,115.0,105.0,0.0,106.17,positive,-0.0568,0.0331,mid-range,q_yoy,4
2026-10-10T13:24:44.481451+00:00,options,XLP,short,1,PG,-2.8211,compressing_gross_margin;compressing_operating_margin;filing_estimated_in_window,151.23,0.0604,1686.0,1068027988.0,0.0404,0.026,31,6,3,49.4,C,0.711,0.334,0.585,0.32,0.0288,2026-10-22,6.59,15.26,0.0378,20.45,-0.218,,0.2125,155.0,140.0,0.0,145.05,positive,-0.0743,0.0249,mid-range,q_yoy,4
2026-10-10T13:24:44.481451+00:00,options,XLP,short,2,PEP,-0.9811,compressing_gross_margin,126.15,0.0849,1780.0,1172249160.0,-0.0765,-0.0688,31,6,3,47.4,C,0.0,0.863,0.407,0.706,0.047,2027-02-02,7.79,11.09,0.0527,14.5,0.316,,0.2027,128.0,123.0,0.0,126.73,negative,-0.0249,0.0147,at resistance,q_yoy,4
2026-10-10T13:24:44.481451+00:00,options,XLP,short,3,MO,-0.8658,compressing_gross_margin;compressing_operating_margin,71.49,0.0726,585.0,529652202.0,0.0385,0.0093,31,6,3,32.6,D,0.0,0.381,0.386,0.613,0.0619,2026-10-29,,9.0,0.0755,12.22,0.753,,0.249,72.0,65.0,0.0,67.51,positive,-0.0908,0.0071,at resistance,q_yoy,4
2026-10-10T13:24:44.481451+00:00,options,XLV,long,1,ABBV,0.5013,,276.47,0.0965,1486.0,1162397218.0,0.0423,0.0311,30,8,2,58.3,C,0.34,0.684,0.303,1.0,0.025,2026-10-30,,17.97,0.0345,17.01,-0.449,,0.2893,280.0,255.0,0.0,260.34,positive,-0.0777,0.0128,near cap,q_yoy,4
2026-10-10T13:24:44.481451+00:00,options,XLV,long,2,MRNA,-10.2601,,225.47,0.0555,267.0,3073579919.0,0.5299,2.5073,30,8,2,58.7,C,0.0,1.0,0.434,1.0,0.0,2026-11-05,13.28,,0.0033,,-1.712,,1.0402,240.0,215.0,0.0,,,-0.0464,0.0645,mid-range,q_yoy,4
2026-10-10T13:24:44.481451+00:00,options,XLV,short,1,DHR,-2.2584,compressing_gross_margin;filing_estimated_in_window,220.0,0.0936,198.0,930666335.0,0.0653,0.0165,30,8,2,31.7,D,0.352,0.295,0.118,0.455,0.0073,2026-10-21,2.94,22.18,0.028,23.64,-0.866,,0.39,230.0,205.0,0.0,209.18,positive,-0.0682,0.0455,mid-range,q_yoy,4
2026-10-10T13:24:44.481451+00:00,options,XLV,short,2,MRK,-2.235,compressing_gross_margin;compressing_operating_margin,145.6,0.0946,2653.0,1228905598.0,-0.0214,0.0851,30,8,2,47.8,C,0.347,0.341,0.375,0.854,0.0234,2026-10-29,8.57,14.06,0.0422,15.62,0.04,,0.3381,150.0,137.0,0.0,136.89,positive,-0.0591,0.0302,mid-range,q_yoy,4
2026-10-10T13:24:44.481451+00:00,options,XLV,short,3,UNH,-1.1345,filing_estimated_in_window,379.98,0.0667,1252.0,1750930328.0,-0.0324,-0.1598,30,8,2,45.5,C,0.07,0.981,0.508,0.347,0.0245,2026-10-13,3.49,14.61,0.0713,16.78,0.587,,0.3672,400.0,360.0,0.0,384.02,negative,-0.0526,0.0527,mid-range,q_yoy,4
2026-10-10T13:39:56.888289+00:00,options,XLF,short,1,HOOD,-2.2922,compressing_operating_margin;net_debt_over_3x_ebitda,109.13,0.0188,4208.0,2150101368.0,0.0125,0.0639,30,10,0,77.4,A,0.833,0.309,0.982,1.0,0.0,2026-10-27,10.34,,0.0162,31.72,-1.048,,0.6005,120.0,100.0,0.0,108.13,positive,-0.0836,0.0996,mid-range,q_yoy,4
2026-10-10T13:39:56.888289+00:00,options,XLF,short,2,MS,-1.4639,negative_fcf;filing_estimated_in_window,190.74,0.0524,1049.0,998835893.0,-0.0696,-0.0942,30,10,0,54.1,C,0.356,0.91,0.597,0.349,0.0242,2026-10-14,2.8,,-0.0697,14.0,0.278,,0.3023,205.0,185.0,0.0,188.94,positive,-0.0301,0.0748,mid-range,q_yoy,4
2026-10-10T13:39:56.888289+00:00,options,XLF,short,3,C,-1.4145,negative_fcf;filing_estimated_in_window,129.68,0.0527,2590.0,1199878250.0,-0.0221,0.0199,30,10,0,45.5,C,0.328,0.506,0.688,0.371,0.0207,2026-10-13,1.13,,-0.341,10.01,1.2,,0.3004,134.0,120.0,0.0,130.33,negative,-0.0746,0.0333,mid-range,q_yoy,4
2026-10-10T13:39:56.888289+00:00,options,XLK,long,1,SNDK,9.1711,,1581.0,0.0217,136.0,13868276672.0,-0.0907,0.0012,30,24,15,74.3,B,1.0,0.276,0.619,1.0,0.0,2026-10-29,14.98,19.28,0.0338,5.94,0.565,,0.6237,1700.0,1500.0,0.0,1666.14,negative,-0.0512,0.0753,mid-range,q_yoy,4
2026-10-10T13:39:56.888289+00:00,options,XLK,long,2,MU,8.7717,,1028.5,0.0438,812.0,23637106758.0,-0.0041,0.0863,30,24,15,85.4,A,1.0,0.705,0.636,1.0,0.0006,2026-12-23,11.53,10.94,0.0251,4.99,0.699,,0.4547,1100.0,1000.0,0.0,1020.67,positive,-0.0277,0.0695,mid-range,q_yoy,4
2026-10-10T13:39:56.888289+00:00,options,XLK,long,3,CRWD,8.0709,,275.53,0.0452,261.0,2328717250.0,0.2712,0.2301,30,24,15,90.2,A,1.0,1.0,0.509,1.0,0.0,2026-12-01,55.2,2504.54,0.0071,171.27,-2.0,,0.4943,300.0,255.0,0.0,254.97,positive,-0.0745,0.0888,mid-range,q_yoy,4
2026-10-10T13:39:56.888289+00:00,options,XLK,short,1,IBM,-4.206,compressing_gross_margin;compressing_operating_margin;net_debt_over_3x_ebitda;filing_estimated_in_window,226.84,0.0662,1010.0,1144127535.0,-0.1256,-0.0829,30,24,15,69.8,B,0.906,1.0,0.49,0.314,0.0298,2026-10-21,6.21,16.09,0.0563,17.27,1.001,,0.3906,235.0,220.0,0.0,224.35,positive,-0.0302,0.036,mid-range,q_yoy,4
2026-10-10T13:39:56.888289+00:00,options,XLK,short,2,ORCL,-2.8343,negative_fcf;compressing_gross_margin;net_debt_over_3x_ebitda,141.55,0.0405,6618.0,4303074776.0,-0.1183,0.0186,30,24,15,78.7,A,0.675,0.749,0.846,0.912,0.0141,2026-12-14,10.84,16.6,-0.107,12.86,-1.55,,0.5213,155.0,135.0,0.0,134.93,positive,-0.0463,0.095,mid-range,q_yoy,4
2026-10-10T13:39:56.888289+00:00,options,XLK,short,3,QCOM,-1.7817,compressing_gross_margin;compressing_operating_margin,175.53,0.0534,1542.0,1953663260.0,-0.0948,-0.0911,30,24,15,73.4,B,0.498,0.965,0.629,0.869,0.021,2026-11-04,6.71,16.08,0.0546,17.21,0.976,,0.481,180.0,160.0,0.0,171.21,positive,-0.0885,0.0255,mid-range,q_yoy,4
2026-10-10T13:39:56.888289+00:00,options,XLP,long,1,KO,0.2602,,88.11,0.0841,3625.0,1373939787.0,-0.0033,0.0646,31,6,3,71.7,B,0.688,0.653,0.486,1.0,0.0241,2026-10-27,10.48,23.49,0.0138,24.97,-0.987,,0.2034,90.0,85.0,0.0,85.54,positive,-0.0353,0.0215,mid-range,q_yoy,4
2026-10-10T13:39:56.888289+00:00,options,XLP,long,2,TGT,0.1618,,153.64,0.0756,691.0,567945359.0,-0.0147,0.1235,31,6,3,71.1,B,0.639,0.772,0.381,1.0,0.0302,2026-11-18,3.91,9.58,0.0492,16.1,0.473,,0.3807,160.0,140.0,0.0,151.14,positive,-0.0888,0.0414,mid-range,q_yoy,4
2026-10-10T13:39:56.888289+00:00,options,XLP,long,3,WMT,-0.2656,,111.32,0.0279,12970.0,2381432431.0,0.0386,-0.0036,31,6,3,71.3,B,0.427,0.588,0.94,1.0,0.0089,2026-11-19,9.0,21.06,0.0081,34.54,-0.877,,0.2868,115.0,105.0,0.0,106.17,positive,-0.0568,0.0331,mid-range,q_yoy,4
2026-10-10T13:39:56.888289+00:00,options,XLP,short,1,PG,-2.8187,compressing_gross_margin;compressing_operating_margin;filing_estimated_in_window,151.23,0.0604,1686.0,1068027988.0,0.0404,0.026,31,6,3,53.2,C,0.838,0.334,0.585,0.32,0.0288,2026-10-22,6.59,14.94,0.0378,20.45,-0.208,,0.2125,155.0,140.0,0.0,145.06,positive,-0.0743,0.0249,mid-range,q_yoy,4
2026-10-10T13:39:56.888289+00:00,options,XLP,short,2,PEP,-1.0079,compressing_gross_margin,126.15,0.0849,1780.0,1172249160.0,-0.0765,-0.0688,31,6,3,47.4,C,0.0,0.863,0.407,0.706,0.047,2027-02-02,7.79,11.2,0.0456,14.49,0.236,,0.2027,128.0,123.0,0.0,126.74,negative,-0.0249,0.0147,at resistance,q_yoy,4
2026-10-10T13:39:56.888289+00:00,options,XLP,short,3,MO,-0.8606,compressing_gross_margin;compressing_operating_margin,71.49,0.0726,585.0,529652202.0,0.0385,0.0093,31,6,3,32.6,D,0.0,0.381,0.386,0.613,0.0619,2026-10-29,,8.76,0.0755,12.22,0.774,,0.249,72.0,65.0,0.0,67.51,positive,-0.0908,0.0071,at resistance,q_yoy,4
2026-10-10T13:39:56.888289+00:00,options,XLV,long,1,ABBV,0.503,,276.47,0.0965,1486.0,1162397218.0,0.0423,0.0311,30,8,2,58.7,C,0.351,0.684,0.303,1.0,0.025,2026-10-30,,17.68,0.0345,17.0,-0.442,,0.2893,280.0,255.0,0.0,260.35,positive,-0.0777,0.0128,near cap,q_yoy,4
2026-10-10T13:39:56.888289+00:00,options,XLV,long,2,MRNA,-10.2596,,225.47,0.0555,267.0,3073579919.0,0.5299,2.5073,30,8,2,58.7,C,0.0,1.0,0.434,1.0,0.0,2026-11-05,13.28,,0.0033,,-1.71,,1.0402,240.0,215.0,0.0,,,-0.0464,0.0645,mid-range,q_yoy,4
2026-10-10T13:39:56.888289+00:00,options,XLV,short,1,ABT,-3.1833,compressing_gross_margin;compressing_operating_margin;filing_estimated_in_window,99.6,0.0847,684.0,830856340.0,-0.056,-0.0479,30,8,2,50.3,C,0.553,0.76,0.312,0.342,0.0253,2026-10-21,3.37,17.0,0.0416,16.42,-0.246,,0.3023,103.0,94.0,0.0,98.34,positive,-0.0562,0.0341,mid-range,q_yoy,4
2026-10-10T13:39:56.888289+00:00,options,XLV,short,2,DHR,-2.2598,compressing_gross_margin;filing_estimated_in_window,220.0,0.0936,198.0,930666335.0,0.0653,0.0165,30,8,2,30.9,D,0.326,0.295,0.118,0.455,0.0073,2026-10-21,2.94,22.06,0.028,23.64,-0.872,,0.39,230.0,205.0,0.0,209.18,positive,-0.0682,0.0455,mid-range,q_yoy,4
2026-10-10T13:39:56.888289+00:00,options,XLV,short,3,MRK,-2.2339,compressing_gross_margin;compressing_operating_margin,145.6,0.0946,2653.0,1228905598.0,-0.0214,0.0851,30,8,2,47.0,C,0.32,0.341,0.375,0.854,0.0234,2026-10-29,8.57,13.82,0.0422,15.38,0.044,,0.3381,150.0,137.0,0.0,136.89,positive,-0.0591,0.0302,mid-range,q_yoy,4
