capture_ts,sector_etf,long_ticker,long_score,short_ticker,short_score,n_names_in_sector,n_scorable,n_quality_passed,n_quality_failed,n_illiquid,schema_version
2026-10-10T10:57:38.450634+00:00,XLF,,,MRSH,-4.7971,30,30,0,30,,2
2026-10-10T10:57:38.450634+00:00,XLK,SNDK,4.7654,ORCL,-2.7619,30,30,12,18,,2
2026-10-10T10:57:38.450634+00:00,XLV,ABBV,0.4602,CVS,-4.8334,30,30,2,28,,2
2026-10-10T11:33:32.139553+00:00,XLF,,,C,-1.164,30,10,0,10,20,3
2026-10-10T11:33:32.139553+00:00,XLK,SNDK,4.7654,ORCL,-2.7619,30,24,12,12,6,3
2026-10-10T11:33:32.139553+00:00,XLP,MO,0.9199,PG,-2.6505,30,6,2,4,23,3
2026-10-10T11:33:32.139553+00:00,XLV,ABBV,0.4602,MRNA,-3.5961,30,8,2,6,22,3
2026-10-10T11:50:22.748933+00:00,XLF,,,C,-1.164,30,10,0,10,20,3
2026-10-10T11:50:22.748933+00:00,XLK,SNDK,4.7654,ORCL,-2.7619,30,24,12,12,6,3
2026-10-10T11:50:22.748933+00:00,XLP,MO,0.9199,PG,-2.6505,30,6,2,4,23,3
2026-10-10T11:50:22.748933+00:00,XLV,ABBV,0.4602,MRNA,-3.5961,30,8,2,6,22,3
2026-10-10T12:26:16.313082+00:00,XLF,,,C,-1.164,30,10,0,10,20,3
2026-10-10T12:26:16.313082+00:00,XLK,SNDK,4.7654,ORCL,-2.7619,30,24,12,12,6,3
2026-10-10T12:26:16.313082+00:00,XLP,MO,0.9199,PG,-2.6505,30,6,2,4,23,3
2026-10-10T12:26:16.313082+00:00,XLV,ABBV,0.4602,MRNA,-3.5961,30,8,2,6,22,3
2026-10-10T12:45:16.386814+00:00,XLF,,,C,-1.0354,30,10,0,10,20,3
2026-10-10T12:45:16.386814+00:00,XLK,SNDK,4.9067,ORCL,-3.1494,30,24,12,12,6,3
2026-10-10T12:45:16.386814+00:00,XLP,MO,1.1133,PG,-2.7024,31,6,2,4,24,3
2026-10-10T12:45:16.386814+00:00,XLV,BMY,0.8956,MRNA,-4.0235,30,8,2,6,22,3
